$MeshFormat
4.1 0 8
$EndMeshFormat
$Entities
1422 2 1 0
1 -0.006630734002655144 0.006352292370527018 0 0 
2 -0.006630366784115042 0.006360409684938716 0 0 
3 -0.00662999956557494 0.006368526999350417 0 0 
4 -0.00662963234703484 0.006376644313762117 0 0 
5 -0.006629265128494739 0.006384761628173817 0 0 
6 -0.006628897909954638 0.006392878942585518 0 0 
7 -0.006628530691414538 0.006400996256997217 0 0 
8 -0.006628163472874436 0.006409113571408917 0 0 
9 -0.006627796254334336 0.006417230885820616 0 0 
10 -0.006627429035794235 0.006425348200232317 0 0 
11 -0.006627061817254133 0.006433465514644018 0 0 
12 -0.006626694598714033 0.006441582829055717 0 0 
13 -0.006626327380173933 0.006449700143467418 0 0 
14 -0.006625960161633831 0.006457817457879117 0 0 
15 -0.00662559294309373 0.006465934772290817 0 0 
16 -0.006625225724553629 0.006474052086702516 0 0 
17 -0.006624858506013529 0.006482169401114217 0 0 
18 -0.006624491287473427 0.006490286715525917 0 0 
19 -0.006624124068933327 0.006498404029937616 0 0 
20 -0.006623756850393225 0.006506521344349317 0 0 
21 -0.006623389631853125 0.006514638658761016 0 0 
22 -0.006623022413313025 0.006522755973172717 0 0 
23 -0.006622655194772922 0.006530873287584417 0 0 
24 -0.006622287976232822 0.006538990601996116 0 0 
25 -0.006621920757692722 0.006547107916407817 0 0 
26 -0.00662155353915262 0.006555225230819516 0 0 
27 -0.006621186320612519 0.006563342545231217 0 0 
28 -0.006620819102072418 0.006571459859642916 0 0 
29 -0.006620451883532317 0.006579577174054617 0 0 
30 -0.006620084664992218 0.006587694488466316 0 0 
31 -0.006619717446452116 0.006595811802878016 0 0 
32 -0.006619350227912015 0.006603929117289716 0 0 
33 -0.006618983009371913 0.006612046431701416 0 0 
34 -0.006618615790831813 0.006620163746113115 0 0 
35 -0.006618248572291712 0.006628281060524815 0 0 
36 -0.006617881353751611 0.006636398374936516 0 0 
37 -0.00661751413521151 0.006644515689348215 0 0 
38 -0.006617146916671409 0.006652633003759915 0 0 
39 -0.006616779698131309 0.006660750318171617 0 0 
40 -0.006616412479591207 0.006668867632583315 0 0 
41 -0.006616045261051106 0.006676984946995015 0 0 
42 -0.006615678042511007 0.006685102261406715 0 0 
43 -0.006615310823970905 0.006693219575818414 0 0 
44 -0.006614943605430804 0.006701336890230115 0 0 
45 -0.006614576386890703 0.006709454204641817 0 0 
46 -0.006614209168350602 0.006717571519053516 0 0 
47 -0.006613841949810501 0.006725688833465215 0 0 
48 -0.0066134747312704 0.006733806147876915 0 0 
49 -0.006613107512730299 0.006741923462288615 0 0 
50 -0.006612740294190198 0.006750040776700314 0 0 
51 -0.006612373075650097 0.006758158091112015 0 0 
52 -0.006612005857109996 0.006766275405523715 0 0 
53 -0.006611638638569895 0.006774392719935415 0 0 
54 -0.006611271420029796 0.006782510034347115 0 0 
55 -0.006610904201489694 0.006790627348758816 0 0 
56 -0.006610536982949593 0.006798744663170514 0 0 
57 -0.006610169764409492 0.006806861977582214 0 0 
58 -0.00660980254586939 0.006814979291993915 0 0 
59 -0.006609435327329291 0.006823096606405614 0 0 
60 -0.00660906810878919 0.006831213920817314 0 0 
61 -0.006608700890249088 0.006839331235229014 0 0 
62 -0.006608333671708987 0.006847448549640715 0 0 
63 -0.006607966453168886 0.006855565864052414 0 0 
64 -0.006607599234628786 0.006863683178464114 0 0 
65 -0.006607232016088685 0.006871800492875815 0 0 
66 -0.006606864797548584 0.006879917807287514 0 0 
67 -0.006606497579008483 0.006888035121699214 0 0 
68 -0.006606130360468382 0.006896152436110914 0 0 
69 -0.00660576314192828 0.006904269750522614 0 0 
70 -0.00660539592338818 0.006912387064934314 0 0 
71 -0.00660502870484808 0.006920504379346014 0 0 
72 -0.006604661486307979 0.006928621693757714 0 0 
73 -0.006604294267767877 0.006936739008169414 0 0 
74 -0.006603927049227776 0.006944856322581114 0 0 
75 -0.006603559830687676 0.006952973636992813 0 0 
76 -0.006603192612147575 0.006961090951404513 0 0 
77 -0.006602825393607474 0.006969208265816214 0 0 
78 -0.006602458175067372 0.006977325580227915 0 0 
79 -0.006602090956527272 0.006985442894639613 0 0 
80 -0.006601723737987171 0.006993560209051314 0 0 
81 -0.00660135651944707 0.007001677523463014 0 0 
82 -0.006600989300906969 0.007009794837874713 0 0 
83 -0.006600622082366869 0.007017912152286413 0 0 
84 -0.006600254863826767 0.007026029466698114 0 0 
85 -0.006599887645286667 0.007034146781109813 0 0 
86 -0.006599520426746565 0.007042264095521514 0 0 
87 -0.006599153208206465 0.007050381409933213 0 0 
88 -0.006598785989666364 0.007058498724344913 0 0 
89 -0.006598418771126264 0.007066616038756613 0 0 
90 -0.006598051552586162 0.007074733353168313 0 0 
91 -0.00659768433404606 0.007082850667580013 0 0 
92 -0.00659731711550596 0.007090967981991713 0 0 
93 -0.006596949896965859 0.007099085296403413 0 0 
94 -0.006596582678425759 0.007107202610815114 0 0 
95 -0.006596215459885657 0.007115319925226812 0 0 
96 -0.006595848241345556 0.007123437239638513 0 0 
97 -0.006595481022805456 0.007131554554050214 0 0 
98 -0.006595113804265355 0.007139671868461913 0 0 
99 -0.006594746585725253 0.007147789182873613 0 0 
100 -0.006594379367185154 0.007155906497285313 0 0 
101 -0.006569513730887338 0.007215671064849179 0 0 
102 -0.00654464809458952 0.007275435632413047 0 0 
103 -0.006519782458291704 0.007335200199976913 0 0 
104 -0.006494916821993888 0.00739496476754078 0 0 
105 -0.006470051185696072 0.007454729335104647 0 0 
106 -0.006445185549398256 0.007514493902668514 0 0 
107 -0.006420319913100441 0.00757425847023238 0 0 
108 -0.006395454276802624 0.007634023037796248 0 0 
109 -0.006370588640504808 0.007693787605360114 0 0 
110 -0.006345723004206991 0.007753552172923982 0 0 
111 -0.006320857367909175 0.007813316740487849 0 0 
112 -0.006295991731611359 0.007873081308051717 0 0 
113 -0.006271126095313543 0.007932845875615583 0 0 
114 -0.006246260459015727 0.00799261044317945 0 0 
115 -0.006221394822717911 0.008052375010743316 0 0 
116 -0.006196529186420095 0.008112139578307184 0 0 
117 -0.006171663550122278 0.00817190414587105 0 0 
118 -0.006146797913824462 0.008231668713434918 0 0 
119 -0.006121932277526647 0.008291433280998784 0 0 
120 -0.00609706664122883 0.008351197848562652 0 0 
121 -0.006072201004931015 0.00841096241612652 0 0 
122 -0.006047335368633198 0.008470726983690386 0 0 
123 -0.006022469732335382 0.008530491551254253 0 0 
124 -0.005997604096037565 0.00859025611881812 0 0 
125 -0.00597273845973975 0.008650020686381987 0 0 
126 -0.005947872823441933 0.008709785253945855 0 0 
127 -0.005923007187144117 0.008769549821509721 0 0 
128 -0.005898141550846301 0.008829314389073587 0 0 
129 -0.005873275914548485 0.008889078956637455 0 0 
130 -0.005848410278250669 0.008948843524201323 0 0 
131 -0.005823544641952852 0.009008608091765189 0 0 
132 -0.005798679005655036 0.009068372659329055 0 0 
133 -0.00577381336935722 0.009128137226892919 0 0 
134 -0.005748947733059404 0.009187901794456789 0 0 
135 -0.005724082096761588 0.009247666362020656 0 0 
136 -0.005699216460463772 0.009307430929584524 0 0 
137 -0.005674350824165957 0.00936719549714839 0 0 
138 -0.00564948518786814 0.009426960064712258 0 0 
139 -0.005624619551570324 0.009486724632276124 0 0 
140 -0.005599753915272508 0.009546489199839994 0 0 
141 -0.005574888278974692 0.009606253767403858 0 0 
142 -0.005550022642676874 0.009666018334967726 0 0 
143 -0.005525157006379059 0.009725782902531592 0 0 
144 -0.005500291370081243 0.009785547470095461 0 0 
145 -0.005475425733783427 0.009845312037659327 0 0 
146 -0.005450560097485611 0.009905076605223193 0 0 
147 -0.005425694461187794 0.009964841172787059 0 0 
148 -0.005400828824889978 0.01002460574035093 0 0 
149 -0.005375963188592162 0.0100843703079148 0 0 
150 -0.005351097552294346 0.01014413487547866 0 0 
151 -0.005326231915996529 0.01020389944304253 0 0 
152 -0.005301366279698714 0.01026366401060639 0 0 
153 -0.005276500643400898 0.01032342857817026 0 0 
154 -0.005251635007103081 0.01038319314573413 0 0 
155 -0.005226769370805265 0.010442957713298 0 0 
156 -0.005201903734507449 0.01050272228086186 0 0 
157 -0.005177038098209633 0.01056248684842573 0 0 
158 -0.005152172461911816 0.0106222514159896 0 0 
159 -0.005127306825614002 0.01068201598355346 0 0 
160 -0.005102441189316185 0.01074178055111733 0 0 
161 -0.00507757555301837 0.0108015451186812 0 0 
162 -0.005052709916720553 0.01086130968624507 0 0 
163 -0.005027844280422736 0.01092107425380893 0 0 
164 -0.00500297864412492 0.0109808388213728 0 0 
165 -0.004978113007827104 0.01104060338893667 0 0 
166 -0.004953247371529288 0.01110036795650053 0 0 
167 -0.004928381735231471 0.0111601325240644 0 0 
168 -0.004903516098933656 0.01121989709162827 0 0 
169 -0.004878650462635839 0.01127966165919213 0 0 
170 -0.004853784826338023 0.011339426226756 0 0 
171 -0.004828919190040207 0.01139919079431987 0 0 
172 -0.004804053553742391 0.01145895536188374 0 0 
173 -0.004779187917444575 0.0115187199294476 0 0 
174 -0.004754322281146758 0.01157848449701147 0 0 
175 -0.004729456644848942 0.01163824906457534 0 0 
176 -0.004704591008551126 0.0116980136321392 0 0 
177 -0.004679725372253311 0.01175777819970307 0 0 
178 -0.004654859735955494 0.01181754276726694 0 0 
179 -0.00462999409965768 0.0118773073348308 0 0 
180 -0.004605128463359863 0.01193707190239467 0 0 
181 -0.004580262827062047 0.01199683646995854 0 0 
182 -0.004555397190764229 0.0120566010375224 0 0 
183 -0.004530531554466413 0.01211636560508627 0 0 
184 -0.004505665918168597 0.01217613017265014 0 0 
185 -0.004480800281870781 0.01223589474021401 0 0 
186 -0.004455934645572965 0.01229565930777787 0 0 
187 -0.004431069009275149 0.01235542387534174 0 0 
188 -0.004406203372977333 0.01241518844290561 0 0 
189 -0.004381337736679517 0.01247495301046947 0 0 
190 -0.0043564721003817 0.01253471757803334 0 0 
191 -0.004331606464083884 0.01259448214559721 0 0 
192 -0.004306740827786068 0.01265424671316108 0 0 
193 -0.004281875191488252 0.01271401128072494 0 0 
194 -0.004257009555190435 0.01277377584828881 0 0 
195 -0.004232143918892621 0.01283354041585267 0 0 
196 -0.004207278282594804 0.01289330498341654 0 0 
197 -0.004182412646296988 0.01295306955098041 0 0 
198 -0.004157547009999171 0.01301283411854428 0 0 
199 -0.004132681373701356 0.01307259868610814 0 0 
200 -0.004125031988748429 0.0130908190393081 0 0 
201 -0.00411731049490815 0.01310904717365612 0 0 
202 -0.004109516873188783 0.01312728255772028 0 0 
203 -0.004101651094991234 0.01314552469074998 0 0 
204 -0.004093713122177217 0.01316377310146762 0 0 
205 -0.004085702907129628 0.01318202734692401 0 0 
206 -0.004077620392805538 0.01320028701141324 0 0 
207 -0.004069465512782086 0.01321855170544386 0 0 
208 -0.00406123819129567 0.01323682106476263 0 0 
209 -0.004052938343274606 0.01325509474942809 0 0 
210 -0.004044565874365661 0.01327337244293084 0 0 
211 -0.004036120680954597 0.01329165385135789 0 0 
212 -0.004027602650181035 0.01330993870259857 0 0 
213 -0.004019011659947801 0.01332822674558968 0 0 
214 -0.004010347578924984 0.01334651774959761 0 0 
215 -0.004001610266548893 0.01336481150353544 0 0 
216 -0.003992799573016054 0.01338310781531305 0 0 
217 -0.003983915339272421 0.01340140651121847 0 0 
218 -0.003974957396997989 0.01341970743532879 0 0 
219 -0.003965925555569719 0.0134380104753282 0 0 
220 -0.003956819743729609 0.01345631527629168 0 0 
221 -0.003947639573404072 0.01347462211822032 0 0 
222 -0.003938384928144407 0.01349293073172596 0 0 
223 -0.003929055592916346 0.01351124104192224 0 0 
224 -0.003919651343236711 0.0135295529887154 0 0 
225 -0.0039101719451288 0.01354786652638272 0 0 
226 -0.003900617142917113 0.01356618164647307 0 0 
227 -0.003890986801292005 0.01358449810639904 0 0 
228 -0.003881280458776361 0.01360281627934242 0 0 
229 -0.003871497935967209 0.01362113599620723 0 0 
230 -0.003861638950620527 0.01363945727744359 0 0 
231 -0.003851703210653477 0.01365778015571608 0 0 
232 -0.003841690402696556 0.01367610469642132 0 0 
233 -0.003831600334135633 0.01369443073864903 0 0 
234 -0.003821432478755082 0.01371275872093957 0 0 
235 -0.003811186600585296 0.01373108854716975 0 0 
236 -0.003800862357231749 0.01374942030676179 0 0 
237 -0.003790459385282502 0.01376775411858433 0 0 
238 -0.003779977442189095 0.0137860898818133 0 0 
239 -0.003769415945757904 0.01380442808194676 0 0 
240 -0.003758774610553238 0.01382276867661061 0 0 
241 -0.003748053031531494 0.01384111182327192 0 0 
242 -0.003737250924589572 0.01385945746479746 0 0 
243 -0.003726367660908136 0.01387780612069867 0 0 
244 -0.003715402913760825 0.0138961577877472 0 0 
245 -0.003704356234843583 0.01391451265892843 0 0 
246 -0.003693227296633563 0.01393287071791858 0 0 
247 -0.003682015422180005 0.01395123251507442 0 0 
248 -0.003670720232354656 0.01396959809870479 0 0 
249 -0.003659341366031357 0.01398796748098942 0 0 
250 -0.00364787810849492 0.0140063412345303 0 0 
251 -0.003636330047510302 0.01402471943225117 0 0 
252 -0.003624696787098216 0.01404310211366843 0 0 
253 -0.003612977573706472 0.01406148987229576 0 0 
254 -0.003601171969039425 0.01407988279170788 0 0 
255 -0.003589279408088823 0.01409828114342625 0 0 
256 -0.00357729944588699 0.01411668500249939 0 0 
257 -0.003565231276022179 0.01413509498736709 0 0 
258 -0.003553074403587164 0.01415351122520397 0 0 
259 -0.003540828345490129 0.01417193381621251 0 0 
260 -0.003528492246240732 0.01419036340826529 0 0 
261 -0.003516065706246213 0.01420879995278644 0 0 
262 -0.003503547848067848 0.01422724409953819 0 0 
263 -0.003490938113442807 0.01424569601107213 0 0 
264 -0.00347823595265189 0.01426415582731509 0 0 
265 -0.003465440444175833 0.01428262421504005 0 0 
266 -0.003452550989367253 0.0143011013575664 0 0 
267 -0.00343956699601076 0.01431958741823689 0 0 
268 -0.003426487496942551 0.0143380830801437 0 0 
269 -0.003413311851378077 0.01435658854690008 0 0 
270 -0.003400039422778085 0.01437510400476553 0 0 
271 -0.003386669191111119 0.01439363016024033 0 0 
272 -0.00337320060441453 0.014412167053927 0 0 
273 -0.003359632614881931 0.01443071539591386 0 0 
274 -0.003345964507682932 0.01444927542226588 0 0 
275 -0.003332195568473825 0.01446784735593835 0 0 
276 -0.003318324694421296 0.01448643192813986 0 0 
277 -0.003304351255925425 0.01450502921777447 0 0 
278 -0.003290274115031043 0.01452363996625631 0 0 
279 -0.003276092609860191 0.01454226426696328 0 0 
280 -0.003261805570348633 0.01456090286620746 0 0 
281 -0.003247412168578089 0.01457955604384222 0 0 
282 -0.003232911571479776 0.01459822407243022 0 0 
283 -0.003218302550431143 0.01461690771655648 0 0 
284 -0.003203584357003543 0.01463560710707229 0 0 
285 -0.00318875572406443 0.01465432301823684 0 0 
286 -0.003173815867118303 0.01467305559513691 0 0 
287 -0.003158763482028045 0.01469180561838617 0 0 
288 -0.003143597615099141 0.01471057341060843 0 0 
289 -0.003128317301340146 0.01472935929284954 0 0 
290 -0.003112921173880827 0.01474816406147796 0 0 
291 -0.003097408351563148 0.01476698789856205 0 0 
292 -0.003081777425110009 0.01478583160977786 0 0 
293 -0.00306602747299901 0.0148046953913042 0 0 
294 -0.00305015704232886 0.01482358005804052 0 0 
295 -0.003034165169884555 0.01484248582025935 0 0 
296 -0.003018050357875068 0.01486141350200826 0 0 
297 -0.003001811600016063 0.01488036332764211 0 0 
298 -0.002968948952155238 0.01491832554041736 0 0 
299 -0.002877117600802931 0.01502044849345517 0 0 
300 -0.002781775463776844 0.01511930177633265 0 0 
301 -0.00268303888175373 0.01521476476391814 0 0 
302 -0.002581028337461702 0.01530672096806771 0 0 
303 -0.002475868308661896 0.01539505817976912 0 0 
304 -0.002367687116255225 0.01547966860606415 0 0 
305 -0.002256616767699559 0.01556044900158235 0 0 
306 -0.002142792795928407 0.01563730079452562 0 0 
307 -0.002026354093967662 0.0157101302069498 0 0 
308 -0.001907442745452213 0.0157788483691967 0 0 
309 -0.001786203851249223 0.01584337142833676 0 0 
310 -0.001662785352399672 0.01590362065049006 0 0 
311 -0.001537337849594166 0.01595952251690092 0 0 
312 -0.001410014419403344 0.01601100881364868 0 0 
313 -0.001280970427487106 0.01605801671488535 0 0 
314 -0.001150363339010581 0.01610048885949849 0 0 
315 -0.001018352526498196 0.01613837342110576 0 0 
316 -0.000885099075360302 0.01617162417129573 0 0 
317 -0.000750765587329657 0.01620020053603786 0 0 
318 -0.0006155159820476252 0.0162240676451927 0 0 
319 -0.0004795152970422083 0.016243196375062 0 0 
320 -0.0003429294863419836 0.01625756338392666 0 0 
321 -0.0002059252179716832 0.0162671511405294 0 0 
322 -6.86696705765269e-05 0.01627194794546715 0 0 
323 6.86696705765264e-05 0.01627194794546715 0 0 
324 0.0002059252179716827 0.0162671511405294 0 0 
325 0.0003429294863419832 0.01625756338392666 0 0 
326 0.0004795152970422083 0.016243196375062 0 0 
327 0.0006155159820476243 0.0162240676451927 0 0 
328 0.0007507655873296566 0.01620020053603786 0 0 
329 0.0008850990753603012 0.01617162417129573 0 0 
330 0.001018352526498195 0.01613837342110576 0 0 
331 0.001150363339010581 0.01610048885949849 0 0 
332 0.001280970427487106 0.01605801671488535 0 0 
333 0.001410014419403344 0.01601100881364868 0 0 
334 0.001537337849594165 0.01595952251690092 0 0 
335 0.001662785352399672 0.01590362065049006 0 0 
336 0.001786203851249223 0.01584337142833676 0 0 
337 0.001907442745452212 0.0157788483691967 0 0 
338 0.002026354093967662 0.0157101302069498 0 0 
339 0.002142792795928406 0.01563730079452562 0 0 
340 0.002256616767699559 0.01556044900158235 0 0 
341 0.002367687116255225 0.01547966860606415 0 0 
342 0.002475868308661896 0.01539505817976912 0 0 
343 0.002581028337461702 0.01530672096806772 0 0 
344 0.00268303888175373 0.01521476476391814 0 0 
345 0.002781775463776844 0.01511930177633265 0 0 
346 0.002877117600802931 0.01502044849345517 0 0 
347 0.002968948952155238 0.01491832554041736 0 0 
348 0.002985447352311301 0.01489933613028946 0 0 
349 0.003001811600016063 0.01488036332764211 0 0 
350 0.003018050357875068 0.01486141350200826 0 0 
351 0.003034165169884555 0.01484248582025935 0 0 
352 0.00305015704232886 0.01482358005804052 0 0 
353 0.00306602747299901 0.0148046953913042 0 0 
354 0.003081777425110009 0.01478583160977786 0 0 
355 0.003097408351563148 0.01476698789856205 0 0 
356 0.003112921173880827 0.01474816406147796 0 0 
357 0.003128317301340146 0.01472935929284954 0 0 
358 0.003143597615099141 0.01471057341060843 0 0 
359 0.003158763482028045 0.01469180561838617 0 0 
360 0.003173815867118303 0.01467305559513691 0 0 
361 0.00318875572406443 0.01465432301823684 0 0 
362 0.003203584357003543 0.01463560710707229 0 0 
363 0.003218302550431143 0.01461690771655648 0 0 
364 0.003232911571479776 0.01459822407243022 0 0 
365 0.003247412168578089 0.01457955604384222 0 0 
366 0.003261805570348633 0.01456090286620746 0 0 
367 0.003276092609860191 0.01454226426696328 0 0 
368 0.003290274115031043 0.01452363996625631 0 0 
369 0.003304351255925425 0.01450502921777447 0 0 
370 0.003318324694421296 0.01448643192813986 0 0 
371 0.003332195568473825 0.01446784735593835 0 0 
372 0.003345964507682932 0.01444927542226588 0 0 
373 0.003359632614881931 0.01443071539591386 0 0 
374 0.00337320060441453 0.014412167053927 0 0 
375 0.003386669191111119 0.01439363016024033 0 0 
376 0.003400039422778085 0.01437510400476553 0 0 
377 0.003413311851378077 0.01435658854690008 0 0 
378 0.003426487496942551 0.0143380830801437 0 0 
379 0.00343956699601076 0.01431958741823689 0 0 
380 0.003452550989367253 0.0143011013575664 0 0 
381 0.003465440444175833 0.01428262421504005 0 0 
382 0.00347823595265189 0.01426415582731509 0 0 
383 0.003490938113442807 0.01424569601107213 0 0 
384 0.003503547848067848 0.01422724409953819 0 0 
385 0.003516065706246213 0.01420879995278644 0 0 
386 0.003528492246240732 0.01419036340826529 0 0 
387 0.003540828345490129 0.01417193381621251 0 0 
388 0.003553074403587164 0.01415351122520397 0 0 
389 0.003565231276022179 0.01413509498736709 0 0 
390 0.00357729944588699 0.01411668500249939 0 0 
391 0.003589279408088823 0.01409828114342625 0 0 
392 0.003601171969039425 0.01407988279170788 0 0 
393 0.003612977573706472 0.01406148987229576 0 0 
394 0.003624696787098216 0.01404310211366843 0 0 
395 0.003636330047510302 0.01402471943225117 0 0 
396 0.00364787810849492 0.0140063412345303 0 0 
397 0.003659341366031357 0.01398796748098942 0 0 
398 0.003670720232354656 0.01396959809870479 0 0 
399 0.003682015422180005 0.01395123251507442 0 0 
400 0.003693227296633563 0.01393287071791858 0 0 
401 0.003704356234843583 0.01391451265892843 0 0 
402 0.003715402913760825 0.0138961577877472 0 0 
403 0.003726367660908136 0.01387780612069867 0 0 
404 0.003737250924589572 0.01385945746479746 0 0 
405 0.003748053031531494 0.01384111182327192 0 0 
406 0.003758774610553238 0.01382276867661061 0 0 
407 0.003769415945757904 0.01380442808194676 0 0 
408 0.003779977442189095 0.0137860898818133 0 0 
409 0.003790459385282502 0.01376775411858433 0 0 
410 0.003800862357231749 0.01374942030676179 0 0 
411 0.003811186600585296 0.01373108854716975 0 0 
412 0.003821432478755082 0.01371275872093957 0 0 
413 0.003831600334135633 0.01369443073864903 0 0 
414 0.003841690402696556 0.01367610469642132 0 0 
415 0.003851703210653477 0.01365778015571608 0 0 
416 0.003861638950620527 0.01363945727744359 0 0 
417 0.003871497935967209 0.01362113599620723 0 0 
418 0.003881280458776361 0.01360281627934242 0 0 
419 0.003890986801292005 0.01358449810639904 0 0 
420 0.003900617142917113 0.01356618164647307 0 0 
421 0.0039101719451288 0.01354786652638272 0 0 
422 0.003919651343236711 0.0135295529887154 0 0 
423 0.003929055592916346 0.01351124104192224 0 0 
424 0.003938384928144407 0.01349293073172596 0 0 
425 0.003947639573404072 0.01347462211822032 0 0 
426 0.003956819743729609 0.01345631527629168 0 0 
427 0.003965925555569719 0.0134380104753282 0 0 
428 0.003974957396997989 0.01341970743532879 0 0 
429 0.003983915339272421 0.01340140651121847 0 0 
430 0.003992799573016054 0.01338310781531305 0 0 
431 0.004001610266548893 0.01336481150353544 0 0 
432 0.004010347578924984 0.01334651774959761 0 0 
433 0.004019011659947801 0.01332822674558968 0 0 
434 0.004027602650181035 0.01330993870259857 0 0 
435 0.004036120680954597 0.01329165385135789 0 0 
436 0.004044565874365661 0.01327337244293084 0 0 
437 0.004052938343274606 0.01325509474942809 0 0 
438 0.00406123819129567 0.01323682106476263 0 0 
439 0.004069465512782086 0.01321855170544386 0 0 
440 0.004077620392805538 0.01320028701141324 0 0 
441 0.004085702907129628 0.01318202734692401 0 0 
442 0.004093713122177217 0.01316377310146762 0 0 
443 0.004101651094991234 0.01314552469074998 0 0 
444 0.004109516873188783 0.01312728255772028 0 0 
445 0.00411731049490815 0.01310904717365612 0 0 
446 0.004125031988748429 0.0130908190393081 0 0 
447 0.004132681373701356 0.01307259868610814 0 0 
448 0.004157547009999171 0.01301283411854428 0 0 
449 0.004182412646296988 0.01295306955098041 0 0 
450 0.004207278282594804 0.01289330498341654 0 0 
451 0.004232143918892621 0.01283354041585267 0 0 
452 0.004257009555190435 0.01277377584828881 0 0 
453 0.004281875191488252 0.01271401128072494 0 0 
454 0.004306740827786068 0.01265424671316108 0 0 
455 0.004331606464083884 0.01259448214559721 0 0 
456 0.0043564721003817 0.01253471757803334 0 0 
457 0.004381337736679517 0.01247495301046947 0 0 
458 0.004406203372977333 0.01241518844290561 0 0 
459 0.004431069009275149 0.01235542387534174 0 0 
460 0.004455934645572965 0.01229565930777787 0 0 
461 0.004480800281870781 0.01223589474021401 0 0 
462 0.004505665918168597 0.01217613017265014 0 0 
463 0.004530531554466413 0.01211636560508627 0 0 
464 0.004555397190764229 0.0120566010375224 0 0 
465 0.004580262827062047 0.01199683646995854 0 0 
466 0.004605128463359863 0.01193707190239467 0 0 
467 0.00462999409965768 0.0118773073348308 0 0 
468 0.004654859735955494 0.01181754276726694 0 0 
469 0.004679725372253311 0.01175777819970307 0 0 
470 0.004704591008551126 0.0116980136321392 0 0 
471 0.004729456644848942 0.01163824906457534 0 0 
472 0.004754322281146758 0.01157848449701147 0 0 
473 0.004779187917444575 0.0115187199294476 0 0 
474 0.004804053553742391 0.01145895536188374 0 0 
475 0.004828919190040207 0.01139919079431987 0 0 
476 0.004853784826338023 0.011339426226756 0 0 
477 0.004878650462635839 0.01127966165919213 0 0 
478 0.004903516098933656 0.01121989709162827 0 0 
479 0.004928381735231471 0.0111601325240644 0 0 
480 0.004953247371529288 0.01110036795650053 0 0 
481 0.004978113007827104 0.01104060338893667 0 0 
482 0.00500297864412492 0.0109808388213728 0 0 
483 0.005027844280422736 0.01092107425380893 0 0 
484 0.005052709916720553 0.01086130968624507 0 0 
485 0.00507757555301837 0.0108015451186812 0 0 
486 0.005102441189316185 0.01074178055111733 0 0 
487 0.005127306825614002 0.01068201598355346 0 0 
488 0.005152172461911816 0.0106222514159896 0 0 
489 0.005177038098209633 0.01056248684842573 0 0 
490 0.005201903734507449 0.01050272228086186 0 0 
491 0.005226769370805265 0.010442957713298 0 0 
492 0.005251635007103081 0.01038319314573413 0 0 
493 0.005276500643400898 0.01032342857817026 0 0 
494 0.005301366279698714 0.01026366401060639 0 0 
495 0.005326231915996529 0.01020389944304253 0 0 
496 0.005351097552294346 0.01014413487547866 0 0 
497 0.005375963188592162 0.0100843703079148 0 0 
498 0.005400828824889978 0.01002460574035093 0 0 
499 0.005425694461187794 0.009964841172787059 0 0 
500 0.005450560097485611 0.009905076605223193 0 0 
501 0.005475425733783427 0.009845312037659327 0 0 
502 0.005500291370081243 0.009785547470095461 0 0 
503 0.005525157006379059 0.009725782902531592 0 0 
504 0.005550022642676874 0.009666018334967726 0 0 
505 0.005574888278974692 0.009606253767403858 0 0 
506 0.005599753915272508 0.009546489199839994 0 0 
507 0.005624619551570324 0.009486724632276124 0 0 
508 0.00564948518786814 0.009426960064712258 0 0 
509 0.005674350824165957 0.00936719549714839 0 0 
510 0.005699216460463772 0.009307430929584524 0 0 
511 0.005724082096761588 0.009247666362020656 0 0 
512 0.005748947733059404 0.009187901794456789 0 0 
513 0.00577381336935722 0.009128137226892919 0 0 
514 0.005798679005655036 0.009068372659329055 0 0 
515 0.005823544641952852 0.009008608091765189 0 0 
516 0.005848410278250669 0.008948843524201323 0 0 
517 0.005873275914548485 0.008889078956637455 0 0 
518 0.005898141550846301 0.008829314389073587 0 0 
519 0.005923007187144117 0.008769549821509721 0 0 
520 0.005947872823441933 0.008709785253945855 0 0 
521 0.00597273845973975 0.008650020686381987 0 0 
522 0.005997604096037565 0.00859025611881812 0 0 
523 0.006022469732335382 0.008530491551254253 0 0 
524 0.006047335368633198 0.008470726983690386 0 0 
525 0.006072201004931015 0.00841096241612652 0 0 
526 0.00609706664122883 0.008351197848562652 0 0 
527 0.006121932277526647 0.008291433280998784 0 0 
528 0.006146797913824462 0.008231668713434918 0 0 
529 0.006171663550122278 0.00817190414587105 0 0 
530 0.006196529186420095 0.008112139578307184 0 0 
531 0.006221394822717911 0.008052375010743316 0 0 
532 0.006246260459015727 0.00799261044317945 0 0 
533 0.006271126095313543 0.007932845875615583 0 0 
534 0.006295991731611359 0.007873081308051717 0 0 
535 0.006320857367909175 0.007813316740487849 0 0 
536 0.006345723004206991 0.007753552172923982 0 0 
537 0.006370588640504808 0.007693787605360114 0 0 
538 0.006395454276802624 0.007634023037796248 0 0 
539 0.006420319913100441 0.00757425847023238 0 0 
540 0.006445185549398256 0.007514493902668514 0 0 
541 0.006470051185696072 0.007454729335104647 0 0 
542 0.006494916821993888 0.00739496476754078 0 0 
543 0.006519782458291704 0.007335200199976913 0 0 
544 0.00654464809458952 0.007275435632413047 0 0 
545 0.006569513730887338 0.007215671064849179 0 0 
546 0.006594379367185154 0.007155906497285313 0 0 
547 0.006594746585725253 0.007147789182873613 0 0 
548 0.006595113804265355 0.007139671868461913 0 0 
549 0.006595481022805456 0.007131554554050214 0 0 
550 0.006595848241345556 0.007123437239638513 0 0 
551 0.006596215459885657 0.007115319925226812 0 0 
552 0.006596582678425759 0.007107202610815114 0 0 
553 0.006596949896965859 0.007099085296403413 0 0 
554 0.00659731711550596 0.007090967981991713 0 0 
555 0.00659768433404606 0.007082850667580013 0 0 
556 0.006598051552586162 0.007074733353168313 0 0 
557 0.006598418771126264 0.007066616038756613 0 0 
558 0.006598785989666364 0.007058498724344913 0 0 
559 0.006599153208206465 0.007050381409933213 0 0 
560 0.006599520426746565 0.007042264095521514 0 0 
561 0.006599887645286667 0.007034146781109813 0 0 
562 0.006600254863826767 0.007026029466698114 0 0 
563 0.006600622082366869 0.007017912152286413 0 0 
564 0.006600989300906969 0.007009794837874713 0 0 
565 0.00660135651944707 0.007001677523463014 0 0 
566 0.006601723737987171 0.006993560209051314 0 0 
567 0.006602090956527272 0.006985442894639613 0 0 
568 0.006602458175067372 0.006977325580227915 0 0 
569 0.006602825393607474 0.006969208265816214 0 0 
570 0.006603192612147575 0.006961090951404513 0 0 
571 0.006603559830687676 0.006952973636992813 0 0 
572 0.006603927049227776 0.006944856322581114 0 0 
573 0.006604294267767877 0.006936739008169414 0 0 
574 0.006604661486307979 0.006928621693757714 0 0 
575 0.00660502870484808 0.006920504379346014 0 0 
576 0.00660539592338818 0.006912387064934314 0 0 
577 0.00660576314192828 0.006904269750522614 0 0 
578 0.006606130360468382 0.006896152436110914 0 0 
579 0.006606497579008483 0.006888035121699214 0 0 
580 0.006606864797548584 0.006879917807287514 0 0 
581 0.006607232016088685 0.006871800492875815 0 0 
582 0.006607599234628786 0.006863683178464114 0 0 
583 0.006607966453168886 0.006855565864052414 0 0 
584 0.006608333671708987 0.006847448549640715 0 0 
585 0.006608700890249088 0.006839331235229014 0 0 
586 0.00660906810878919 0.006831213920817314 0 0 
587 0.006609435327329291 0.006823096606405614 0 0 
588 0.00660980254586939 0.006814979291993915 0 0 
589 0.006610169764409492 0.006806861977582214 0 0 
590 0.006610536982949593 0.006798744663170514 0 0 
591 0.006610904201489694 0.006790627348758816 0 0 
592 0.006611271420029796 0.006782510034347115 0 0 
593 0.006611638638569895 0.006774392719935415 0 0 
594 0.006612005857109996 0.006766275405523715 0 0 
595 0.006612373075650097 0.006758158091112015 0 0 
596 0.006612740294190198 0.006750040776700314 0 0 
597 0.006613107512730299 0.006741923462288615 0 0 
598 0.0066134747312704 0.006733806147876915 0 0 
599 0.006613841949810501 0.006725688833465215 0 0 
600 0.006614209168350602 0.006717571519053516 0 0 
601 0.006614576386890703 0.006709454204641817 0 0 
602 0.006614943605430804 0.006701336890230115 0 0 
603 0.006615310823970905 0.006693219575818414 0 0 
604 0.006615678042511007 0.006685102261406715 0 0 
605 0.006616045261051106 0.006676984946995015 0 0 
606 0.006616412479591207 0.006668867632583315 0 0 
607 0.006616779698131309 0.006660750318171617 0 0 
608 0.006617146916671409 0.006652633003759915 0 0 
609 0.00661751413521151 0.006644515689348215 0 0 
610 0.006617881353751611 0.006636398374936516 0 0 
611 0.006618248572291712 0.006628281060524815 0 0 
612 0.006618615790831813 0.006620163746113115 0 0 
613 0.006618983009371913 0.006612046431701416 0 0 
614 0.006619350227912015 0.006603929117289716 0 0 
615 0.006619717446452116 0.006595811802878016 0 0 
616 0.006620084664992218 0.006587694488466316 0 0 
617 0.006620451883532317 0.006579577174054617 0 0 
618 0.006620819102072418 0.006571459859642916 0 0 
619 0.006621186320612519 0.006563342545231217 0 0 
620 0.00662155353915262 0.006555225230819516 0 0 
621 0.006621920757692722 0.006547107916407817 0 0 
622 0.006622287976232822 0.006538990601996116 0 0 
623 0.006622655194772922 0.006530873287584417 0 0 
624 0.006623022413313025 0.006522755973172717 0 0 
625 0.006623389631853125 0.006514638658761016 0 0 
626 0.006623756850393225 0.006506521344349317 0 0 
627 0.006624124068933327 0.006498404029937616 0 0 
628 0.006624491287473427 0.006490286715525917 0 0 
629 0.006624858506013529 0.006482169401114217 0 0 
630 0.006625225724553629 0.006474052086702516 0 0 
631 0.00662559294309373 0.006465934772290817 0 0 
632 0.006625960161633831 0.006457817457879117 0 0 
633 0.006626327380173933 0.006449700143467418 0 0 
634 0.006626694598714033 0.006441582829055717 0 0 
635 0.006627061817254133 0.006433465514644018 0 0 
636 0.006627429035794235 0.006425348200232317 0 0 
637 0.006627796254334336 0.006417230885820616 0 0 
638 0.006628163472874436 0.006409113571408917 0 0 
639 0.006628530691414538 0.006400996256997217 0 0 
640 0.006628897909954638 0.006392878942585518 0 0 
641 0.006629265128494739 0.006384761628173817 0 0 
642 0.00662963234703484 0.006376644313762117 0 0 
643 0.00662999956557494 0.006368526999350417 0 0 
644 0.006630366784115042 0.006360409684938716 0 0 
645 0.006630734002655144 0.006352292370527018 0 0 
646 0.006474800034011719 0.00670401303941266 0 0 
647 0.006316279503590451 0.007040435124609911 0 0 
648 0.006155336911290724 0.007362541959353038 0 0 
649 0.00599213887613363 0.007671173611679951 0 0 
650 0.0058268804490677 0.007967006444468334 0 0 
651 0.005659828744471836 0.00825050977586746 0 0 
652 0.005491403885118938 0.008521855033640455 0 0 
653 0.005322343803816629 0.008780721462691826 0 0 
654 0.004990058585099077 0.009253289645169336 0 0 
655 0.004847446535885984 0.009443276380740669 0 0 
656 0.004697605329155149 0.00962761511524662 0 0 
657 0.004540758428059409 0.009806030938228976 0 0 
658 0.004377139743575559 0.00997825777226358 0 0 
659 0.004206993285665182 0.01014403876977041 0 0 
660 0.004030572799374502 0.01030312669605889 0 0 
661 0.003848141386415999 0.01045528429803714 0 0 
662 0.003659971112796115 0.01060028465803541 0 0 
663 0.003466342603074211 0.01073791153221586 0 0 
664 0.003267544621857869 0.01086795967306423 0 0 
665 0.003063873643158668 0.01099023513548216 0 0 
666 0.002855633408250683 0.01110455556602401 0 0 
667 0.002643134472691057 0.01121075047484659 0 0 
668 0.002426693743178224 0.01130866148996624 0 0 
669 0.00220663400493845 0.01139814259344429 0 0 
670 0.00198328344034554 0.01147906033914842 0 0 
671 0.001756975139491602 0.01155129405176525 0 0 
672 0.001528046603438759 0.01161473600676753 0 0 
673 0.001296839240892641 0.01166929159106718 0 0 
674 0.001063697859048283 0.01171487944411502 0 0 
675 0.0008289701493677276 0.01175143157923637 0 0 
676 0.0005930061690562494 0.0117788934850219 0 0 
677 0.0003561578190104469 0.01179722420662223 0 0 
678 0.0001187783190167808 0.01180639640682533 0 0 
679 -0.0001187783190167808 0.01180639640682533 0 0 
680 -0.0003561578190104469 0.01179722420662223 0 0 
681 -0.0005930061690562502 0.0117788934850219 0 0 
682 -0.0008289701493677276 0.01175143157923637 0 0 
683 -0.001063697859048283 0.01171487944411502 0 0 
684 -0.001296839240892643 0.01166929159106718 0 0 
685 -0.001528046603438759 0.01161473600676753 0 0 
686 -0.001756975139491602 0.01155129405176525 0 0 
687 -0.00198328344034554 0.01147906033914842 0 0 
688 -0.00220663400493845 0.01139814259344429 0 0 
689 -0.002426693743178224 0.01130866148996624 0 0 
690 -0.002643134472691057 0.01121075047484659 0 0 
691 -0.002855633408250683 0.01110455556602401 0 0 
692 -0.003063873643158669 0.01099023513548215 0 0 
693 -0.003267544621857869 0.01086795967306423 0 0 
694 -0.003466342603074211 0.01073791153221586 0 0 
695 -0.003659971112796115 0.01060028465803541 0 0 
696 -0.003848141386415999 0.01045528429803714 0 0 
697 -0.004030572799374503 0.01030312669605889 0 0 
698 -0.004206993285665182 0.01014403876977041 0 0 
699 -0.004377139743575559 0.00997825777226358 0 0 
700 -0.004540758428059409 0.009806030938228972 0 0 
701 -0.00469760532915515 0.00962761511524662 0 0 
702 -0.004847446535885984 0.009443276380740669 0 0 
703 -0.004990058585099077 0.009253289645169336 0 0 
704 -0.005154106349320117 0.009025807386975537 0 0 
705 -0.005322343803816629 0.008780721462691826 0 0 
706 -0.005491403885118938 0.008521855033640455 0 0 
707 -0.005659828744471836 0.00825050977586746 0 0 
708 -0.0058268804490677 0.007967006444468334 0 0 
709 -0.00599213887613363 0.007671173611679951 0 0 
710 -0.006155336911290724 0.007362541959353038 0 0 
711 -0.006316279503590451 0.007040435124609911 0 0 
712 -0.006630734002655144 0.006352292370527018 0 0 
713 -0.006630366784115042 0.006360409684938716 0 0 
714 -0.00662999956557494 0.006368526999350417 0 0 
715 -0.00662963234703484 0.006376644313762117 0 0 
716 -0.006629265128494739 0.006384761628173817 0 0 
717 -0.006628897909954638 0.006392878942585518 0 0 
718 -0.006628530691414538 0.006400996256997217 0 0 
719 -0.006628163472874436 0.006409113571408917 0 0 
720 -0.006627796254334336 0.006417230885820616 0 0 
721 -0.006627429035794235 0.006425348200232317 0 0 
722 -0.006627061817254133 0.006433465514644018 0 0 
723 -0.006626694598714033 0.006441582829055717 0 0 
724 -0.006626327380173933 0.006449700143467418 0 0 
725 -0.006625960161633831 0.006457817457879117 0 0 
726 -0.00662559294309373 0.006465934772290817 0 0 
727 -0.006625225724553629 0.006474052086702516 0 0 
728 -0.006624858506013529 0.006482169401114217 0 0 
729 -0.006624491287473427 0.006490286715525917 0 0 
730 -0.006624124068933327 0.006498404029937616 0 0 
731 -0.006623756850393225 0.006506521344349317 0 0 
732 -0.006623389631853125 0.006514638658761016 0 0 
733 -0.006623022413313025 0.006522755973172717 0 0 
734 -0.006622655194772922 0.006530873287584417 0 0 
735 -0.006622287976232822 0.006538990601996116 0 0 
736 -0.006621920757692722 0.006547107916407817 0 0 
737 -0.00662155353915262 0.006555225230819516 0 0 
738 -0.006621186320612519 0.006563342545231217 0 0 
739 -0.006620819102072418 0.006571459859642916 0 0 
740 -0.006620451883532317 0.006579577174054617 0 0 
741 -0.006620084664992218 0.006587694488466316 0 0 
742 -0.006619717446452116 0.006595811802878016 0 0 
743 -0.006619350227912015 0.006603929117289716 0 0 
744 -0.006618983009371913 0.006612046431701416 0 0 
745 -0.006618615790831813 0.006620163746113115 0 0 
746 -0.006618248572291712 0.006628281060524815 0 0 
747 -0.006617881353751611 0.006636398374936516 0 0 
748 -0.00661751413521151 0.006644515689348215 0 0 
749 -0.006617146916671409 0.006652633003759915 0 0 
750 -0.006616779698131309 0.006660750318171617 0 0 
751 -0.006616412479591207 0.006668867632583315 0 0 
752 -0.006616045261051106 0.006676984946995015 0 0 
753 -0.006615678042511007 0.006685102261406715 0 0 
754 -0.006615310823970905 0.006693219575818414 0 0 
755 -0.006614943605430804 0.006701336890230115 0 0 
756 -0.006614576386890703 0.006709454204641817 0 0 
757 -0.006614209168350602 0.006717571519053516 0 0 
758 -0.006613841949810501 0.006725688833465215 0 0 
759 -0.0066134747312704 0.006733806147876915 0 0 
760 -0.006613107512730299 0.006741923462288615 0 0 
761 -0.006612740294190198 0.006750040776700314 0 0 
762 -0.006612373075650097 0.006758158091112015 0 0 
763 -0.006612005857109996 0.006766275405523715 0 0 
764 -0.006611638638569895 0.006774392719935415 0 0 
765 -0.006611271420029796 0.006782510034347115 0 0 
766 -0.006610904201489694 0.006790627348758816 0 0 
767 -0.006610536982949593 0.006798744663170514 0 0 
768 -0.006610169764409492 0.006806861977582214 0 0 
769 -0.00660980254586939 0.006814979291993915 0 0 
770 -0.006609435327329291 0.006823096606405614 0 0 
771 -0.00660906810878919 0.006831213920817314 0 0 
772 -0.006608700890249088 0.006839331235229014 0 0 
773 -0.006608333671708987 0.006847448549640715 0 0 
774 -0.006607966453168886 0.006855565864052414 0 0 
775 -0.006607599234628786 0.006863683178464114 0 0 
776 -0.006607232016088685 0.006871800492875815 0 0 
777 -0.006606864797548584 0.006879917807287514 0 0 
778 -0.006606497579008483 0.006888035121699214 0 0 
779 -0.006606130360468382 0.006896152436110914 0 0 
780 -0.00660576314192828 0.006904269750522614 0 0 
781 -0.00660539592338818 0.006912387064934314 0 0 
782 -0.00660502870484808 0.006920504379346014 0 0 
783 -0.006604661486307979 0.006928621693757714 0 0 
784 -0.006604294267767877 0.006936739008169414 0 0 
785 -0.006603927049227776 0.006944856322581114 0 0 
786 -0.006603559830687676 0.006952973636992813 0 0 
787 -0.006603192612147575 0.006961090951404513 0 0 
788 -0.006602825393607474 0.006969208265816214 0 0 
789 -0.006602458175067372 0.006977325580227915 0 0 
790 -0.006602090956527272 0.006985442894639613 0 0 
791 -0.006601723737987171 0.006993560209051314 0 0 
792 -0.00660135651944707 0.007001677523463014 0 0 
793 -0.006600989300906969 0.007009794837874713 0 0 
794 -0.006600622082366869 0.007017912152286413 0 0 
795 -0.006600254863826767 0.007026029466698114 0 0 
796 -0.006599887645286667 0.007034146781109813 0 0 
797 -0.006599520426746565 0.007042264095521514 0 0 
798 -0.006599153208206465 0.007050381409933213 0 0 
799 -0.006598785989666364 0.007058498724344913 0 0 
800 -0.006598418771126264 0.007066616038756613 0 0 
801 -0.006598051552586162 0.007074733353168313 0 0 
802 -0.00659768433404606 0.007082850667580013 0 0 
803 -0.00659731711550596 0.007090967981991713 0 0 
804 -0.006596949896965859 0.007099085296403413 0 0 
805 -0.006596582678425759 0.007107202610815114 0 0 
806 -0.006596215459885657 0.007115319925226812 0 0 
807 -0.006595848241345556 0.007123437239638513 0 0 
808 -0.006595481022805456 0.007131554554050214 0 0 
809 -0.006595113804265355 0.007139671868461913 0 0 
810 -0.006594746585725253 0.007147789182873613 0 0 
811 -0.006594379367185154 0.007155906497285313 0 0 
812 -0.006569513730887338 0.007215671064849179 0 0 
813 -0.00654464809458952 0.007275435632413047 0 0 
814 -0.006519782458291704 0.007335200199976913 0 0 
815 -0.006494916821993888 0.00739496476754078 0 0 
816 -0.006470051185696072 0.007454729335104647 0 0 
817 -0.006445185549398256 0.007514493902668514 0 0 
818 -0.006420319913100441 0.00757425847023238 0 0 
819 -0.006395454276802624 0.007634023037796248 0 0 
820 -0.006370588640504808 0.007693787605360114 0 0 
821 -0.006345723004206991 0.007753552172923982 0 0 
822 -0.006320857367909175 0.007813316740487849 0 0 
823 -0.006295991731611359 0.007873081308051717 0 0 
824 -0.006271126095313543 0.007932845875615583 0 0 
825 -0.006246260459015727 0.00799261044317945 0 0 
826 -0.006221394822717911 0.008052375010743316 0 0 
827 -0.006196529186420095 0.008112139578307184 0 0 
828 -0.006171663550122278 0.00817190414587105 0 0 
829 -0.006146797913824462 0.008231668713434918 0 0 
830 -0.006121932277526647 0.008291433280998784 0 0 
831 -0.00609706664122883 0.008351197848562652 0 0 
832 -0.006072201004931015 0.00841096241612652 0 0 
833 -0.006047335368633198 0.008470726983690386 0 0 
834 -0.006022469732335382 0.008530491551254253 0 0 
835 -0.005997604096037565 0.00859025611881812 0 0 
836 -0.00597273845973975 0.008650020686381987 0 0 
837 -0.005947872823441933 0.008709785253945855 0 0 
838 -0.005923007187144117 0.008769549821509721 0 0 
839 -0.005898141550846301 0.008829314389073587 0 0 
840 -0.005873275914548485 0.008889078956637455 0 0 
841 -0.005848410278250669 0.008948843524201323 0 0 
842 -0.005823544641952852 0.009008608091765189 0 0 
843 -0.005798679005655036 0.009068372659329055 0 0 
844 -0.00577381336935722 0.009128137226892919 0 0 
845 -0.005748947733059404 0.009187901794456789 0 0 
846 -0.005724082096761588 0.009247666362020656 0 0 
847 -0.005699216460463772 0.009307430929584524 0 0 
848 -0.005674350824165957 0.00936719549714839 0 0 
849 -0.00564948518786814 0.009426960064712258 0 0 
850 -0.005624619551570324 0.009486724632276124 0 0 
851 -0.005599753915272508 0.009546489199839994 0 0 
852 -0.005574888278974692 0.009606253767403858 0 0 
853 -0.005550022642676874 0.009666018334967726 0 0 
854 -0.005525157006379059 0.009725782902531592 0 0 
855 -0.005500291370081243 0.009785547470095461 0 0 
856 -0.005475425733783427 0.009845312037659327 0 0 
857 -0.005450560097485611 0.009905076605223193 0 0 
858 -0.005425694461187794 0.009964841172787059 0 0 
859 -0.005400828824889978 0.01002460574035093 0 0 
860 -0.005375963188592162 0.0100843703079148 0 0 
861 -0.005351097552294346 0.01014413487547866 0 0 
862 -0.005326231915996529 0.01020389944304253 0 0 
863 -0.005301366279698714 0.01026366401060639 0 0 
864 -0.005276500643400898 0.01032342857817026 0 0 
865 -0.005251635007103081 0.01038319314573413 0 0 
866 -0.005226769370805265 0.010442957713298 0 0 
867 -0.005201903734507449 0.01050272228086186 0 0 
868 -0.005177038098209633 0.01056248684842573 0 0 
869 -0.005152172461911816 0.0106222514159896 0 0 
870 -0.005127306825614002 0.01068201598355346 0 0 
871 -0.005102441189316185 0.01074178055111733 0 0 
872 -0.00507757555301837 0.0108015451186812 0 0 
873 -0.005052709916720553 0.01086130968624507 0 0 
874 -0.005027844280422736 0.01092107425380893 0 0 
875 -0.00500297864412492 0.0109808388213728 0 0 
876 -0.004978113007827104 0.01104060338893667 0 0 
877 -0.004953247371529288 0.01110036795650053 0 0 
878 -0.004928381735231471 0.0111601325240644 0 0 
879 -0.004903516098933656 0.01121989709162827 0 0 
880 -0.004878650462635839 0.01127966165919213 0 0 
881 -0.004853784826338023 0.011339426226756 0 0 
882 -0.004828919190040207 0.01139919079431987 0 0 
883 -0.004804053553742391 0.01145895536188374 0 0 
884 -0.004779187917444575 0.0115187199294476 0 0 
885 -0.004754322281146758 0.01157848449701147 0 0 
886 -0.004729456644848942 0.01163824906457534 0 0 
887 -0.004704591008551126 0.0116980136321392 0 0 
888 -0.004679725372253311 0.01175777819970307 0 0 
889 -0.004654859735955494 0.01181754276726694 0 0 
890 -0.00462999409965768 0.0118773073348308 0 0 
891 -0.004605128463359863 0.01193707190239467 0 0 
892 -0.004580262827062047 0.01199683646995854 0 0 
893 -0.004555397190764229 0.0120566010375224 0 0 
894 -0.004530531554466413 0.01211636560508627 0 0 
895 -0.004505665918168597 0.01217613017265014 0 0 
896 -0.004480800281870781 0.01223589474021401 0 0 
897 -0.004455934645572965 0.01229565930777787 0 0 
898 -0.004431069009275149 0.01235542387534174 0 0 
899 -0.004406203372977333 0.01241518844290561 0 0 
900 -0.004381337736679517 0.01247495301046947 0 0 
901 -0.0043564721003817 0.01253471757803334 0 0 
902 -0.004331606464083884 0.01259448214559721 0 0 
903 -0.004306740827786068 0.01265424671316108 0 0 
904 -0.004281875191488252 0.01271401128072494 0 0 
905 -0.004257009555190435 0.01277377584828881 0 0 
906 -0.004232143918892621 0.01283354041585267 0 0 
907 -0.004207278282594804 0.01289330498341654 0 0 
908 -0.004182412646296988 0.01295306955098041 0 0 
909 -0.004157547009999171 0.01301283411854428 0 0 
910 -0.004132681373701356 0.01307259868610814 0 0 
911 -0.004125031988748429 0.0130908190393081 0 0 
912 -0.00411731049490815 0.01310904717365612 0 0 
913 -0.004109516873188783 0.01312728255772028 0 0 
914 -0.004101651094991234 0.01314552469074998 0 0 
915 -0.004093713122177217 0.01316377310146762 0 0 
916 -0.004085702907129628 0.01318202734692401 0 0 
917 -0.004077620392805538 0.01320028701141324 0 0 
918 -0.004069465512782086 0.01321855170544386 0 0 
919 -0.00406123819129567 0.01323682106476263 0 0 
920 -0.004052938343274606 0.01325509474942809 0 0 
921 -0.004044565874365661 0.01327337244293084 0 0 
922 -0.004036120680954597 0.01329165385135789 0 0 
923 -0.004027602650181035 0.01330993870259857 0 0 
924 -0.004019011659947801 0.01332822674558968 0 0 
925 -0.004010347578924984 0.01334651774959761 0 0 
926 -0.004001610266548893 0.01336481150353544 0 0 
927 -0.003992799573016054 0.01338310781531305 0 0 
928 -0.003983915339272421 0.01340140651121847 0 0 
929 -0.003974957396997989 0.01341970743532879 0 0 
930 -0.003965925555569719 0.0134380104753282 0 0 
931 -0.003956819743729609 0.01345631527629168 0 0 
932 -0.003947639573404072 0.01347462211822032 0 0 
933 -0.003938384928144407 0.01349293073172596 0 0 
934 -0.003929055592916346 0.01351124104192224 0 0 
935 -0.003919651343236711 0.0135295529887154 0 0 
936 -0.0039101719451288 0.01354786652638272 0 0 
937 -0.003900617142917113 0.01356618164647307 0 0 
938 -0.003890986801292005 0.01358449810639904 0 0 
939 -0.003881280458776361 0.01360281627934242 0 0 
940 -0.003871497935967209 0.01362113599620723 0 0 
941 -0.003861638950620527 0.01363945727744359 0 0 
942 -0.003851703210653477 0.01365778015571608 0 0 
943 -0.003841690402696556 0.01367610469642132 0 0 
944 -0.003831600334135633 0.01369443073864903 0 0 
945 -0.003821432478755082 0.01371275872093957 0 0 
946 -0.003811186600585296 0.01373108854716975 0 0 
947 -0.003800862357231749 0.01374942030676179 0 0 
948 -0.003790459385282502 0.01376775411858433 0 0 
949 -0.003779977442189095 0.0137860898818133 0 0 
950 -0.003769415945757904 0.01380442808194676 0 0 
951 -0.003758774610553238 0.01382276867661061 0 0 
952 -0.003748053031531494 0.01384111182327192 0 0 
953 -0.003737250924589572 0.01385945746479746 0 0 
954 -0.003726367660908136 0.01387780612069867 0 0 
955 -0.003715402913760825 0.0138961577877472 0 0 
956 -0.003704356234843583 0.01391451265892843 0 0 
957 -0.003693227296633563 0.01393287071791858 0 0 
958 -0.003682015422180005 0.01395123251507442 0 0 
959 -0.003670720232354656 0.01396959809870479 0 0 
960 -0.003659341366031357 0.01398796748098942 0 0 
961 -0.00364787810849492 0.0140063412345303 0 0 
962 -0.003636330047510302 0.01402471943225117 0 0 
963 -0.003624696787098216 0.01404310211366843 0 0 
964 -0.003612977573706472 0.01406148987229576 0 0 
965 -0.003601171969039425 0.01407988279170788 0 0 
966 -0.003589279408088823 0.01409828114342625 0 0 
967 -0.00357729944588699 0.01411668500249939 0 0 
968 -0.003565231276022179 0.01413509498736709 0 0 
969 -0.003553074403587164 0.01415351122520397 0 0 
970 -0.003540828345490129 0.01417193381621251 0 0 
971 -0.003528492246240732 0.01419036340826529 0 0 
972 -0.003516065706246213 0.01420879995278644 0 0 
973 -0.003503547848067848 0.01422724409953819 0 0 
974 -0.003490938113442807 0.01424569601107213 0 0 
975 -0.00347823595265189 0.01426415582731509 0 0 
976 -0.003465440444175833 0.01428262421504005 0 0 
977 -0.003452550989367253 0.0143011013575664 0 0 
978 -0.00343956699601076 0.01431958741823689 0 0 
979 -0.003426487496942551 0.0143380830801437 0 0 
980 -0.003413311851378077 0.01435658854690008 0 0 
981 -0.003400039422778085 0.01437510400476553 0 0 
982 -0.003386669191111119 0.01439363016024033 0 0 
983 -0.00337320060441453 0.014412167053927 0 0 
984 -0.003359632614881931 0.01443071539591386 0 0 
985 -0.003345964507682932 0.01444927542226588 0 0 
986 -0.003332195568473825 0.01446784735593835 0 0 
987 -0.003318324694421296 0.01448643192813986 0 0 
988 -0.003304351255925425 0.01450502921777447 0 0 
989 -0.003290274115031043 0.01452363996625631 0 0 
990 -0.003276092609860191 0.01454226426696328 0 0 
991 -0.003261805570348633 0.01456090286620746 0 0 
992 -0.003247412168578089 0.01457955604384222 0 0 
993 -0.003232911571479776 0.01459822407243022 0 0 
994 -0.003218302550431143 0.01461690771655648 0 0 
995 -0.003203584357003543 0.01463560710707229 0 0 
996 -0.00318875572406443 0.01465432301823684 0 0 
997 -0.003173815867118303 0.01467305559513691 0 0 
998 -0.003158763482028045 0.01469180561838617 0 0 
999 -0.003143597615099141 0.01471057341060843 0 0 
1000 -0.003128317301340146 0.01472935929284954 0 0 
1001 -0.003112921173880827 0.01474816406147796 0 0 
1002 -0.003097408351563148 0.01476698789856205 0 0 
1003 -0.003081777425110009 0.01478583160977786 0 0 
1004 -0.00306602747299901 0.0148046953913042 0 0 
1005 -0.00305015704232886 0.01482358005804052 0 0 
1006 -0.003034165169884555 0.01484248582025935 0 0 
1007 -0.003018050357875068 0.01486141350200826 0 0 
1008 -0.003001811600016063 0.01488036332764211 0 0 
1009 -0.002968948952155238 0.01491832554041736 0 0 
1010 -0.002877117600802931 0.01502044849345517 0 0 
1011 -0.002781775463776844 0.01511930177633265 0 0 
1012 -0.00268303888175373 0.01521476476391814 0 0 
1013 -0.002581028337461702 0.01530672096806771 0 0 
1014 -0.002475868308661896 0.01539505817976912 0 0 
1015 -0.002367687116255225 0.01547966860606415 0 0 
1016 -0.002256616767699559 0.01556044900158235 0 0 
1017 -0.002142792795928407 0.01563730079452562 0 0 
1018 -0.002026354093967662 0.0157101302069498 0 0 
1019 -0.001907442745452213 0.0157788483691967 0 0 
1020 -0.001786203851249223 0.01584337142833676 0 0 
1021 -0.001662785352399672 0.01590362065049006 0 0 
1022 -0.001537337849594166 0.01595952251690092 0 0 
1023 -0.001410014419403344 0.01601100881364868 0 0 
1024 -0.001280970427487106 0.01605801671488535 0 0 
1025 -0.001150363339010581 0.01610048885949849 0 0 
1026 -0.001018352526498196 0.01613837342110576 0 0 
1027 -0.000885099075360302 0.01617162417129573 0 0 
1028 -0.000750765587329657 0.01620020053603786 0 0 
1029 -0.0006155159820476252 0.0162240676451927 0 0 
1030 -0.0004795152970422083 0.016243196375062 0 0 
1031 -0.0003429294863419836 0.01625756338392666 0 0 
1032 -0.0002059252179716832 0.0162671511405294 0 0 
1033 -6.86696705765269e-05 0.01627194794546715 0 0 
1034 6.86696705765264e-05 0.01627194794546715 0 0 
1035 0.0002059252179716827 0.0162671511405294 0 0 
1036 0.0003429294863419832 0.01625756338392666 0 0 
1037 0.0004795152970422083 0.016243196375062 0 0 
1038 0.0006155159820476243 0.0162240676451927 0 0 
1039 0.0007507655873296566 0.01620020053603786 0 0 
1040 0.0008850990753603012 0.01617162417129573 0 0 
1041 0.001018352526498195 0.01613837342110576 0 0 
1042 0.001150363339010581 0.01610048885949849 0 0 
1043 0.001280970427487106 0.01605801671488535 0 0 
1044 0.001410014419403344 0.01601100881364868 0 0 
1045 0.001537337849594165 0.01595952251690092 0 0 
1046 0.001662785352399672 0.01590362065049006 0 0 
1047 0.001786203851249223 0.01584337142833676 0 0 
1048 0.001907442745452212 0.0157788483691967 0 0 
1049 0.002026354093967662 0.0157101302069498 0 0 
1050 0.002142792795928406 0.01563730079452562 0 0 
1051 0.002256616767699559 0.01556044900158235 0 0 
1052 0.002367687116255225 0.01547966860606415 0 0 
1053 0.002475868308661896 0.01539505817976912 0 0 
1054 0.002581028337461702 0.01530672096806772 0 0 
1055 0.00268303888175373 0.01521476476391814 0 0 
1056 0.002781775463776844 0.01511930177633265 0 0 
1057 0.002877117600802931 0.01502044849345517 0 0 
1058 0.002968948952155238 0.01491832554041736 0 0 
1059 0.002985447352311301 0.01489933613028946 0 0 
1060 0.003001811600016063 0.01488036332764211 0 0 
1061 0.003018050357875068 0.01486141350200826 0 0 
1062 0.003034165169884555 0.01484248582025935 0 0 
1063 0.00305015704232886 0.01482358005804052 0 0 
1064 0.00306602747299901 0.0148046953913042 0 0 
1065 0.003081777425110009 0.01478583160977786 0 0 
1066 0.003097408351563148 0.01476698789856205 0 0 
1067 0.003112921173880827 0.01474816406147796 0 0 
1068 0.003128317301340146 0.01472935929284954 0 0 
1069 0.003143597615099141 0.01471057341060843 0 0 
1070 0.003158763482028045 0.01469180561838617 0 0 
1071 0.003173815867118303 0.01467305559513691 0 0 
1072 0.00318875572406443 0.01465432301823684 0 0 
1073 0.003203584357003543 0.01463560710707229 0 0 
1074 0.003218302550431143 0.01461690771655648 0 0 
1075 0.003232911571479776 0.01459822407243022 0 0 
1076 0.003247412168578089 0.01457955604384222 0 0 
1077 0.003261805570348633 0.01456090286620746 0 0 
1078 0.003276092609860191 0.01454226426696328 0 0 
1079 0.003290274115031043 0.01452363996625631 0 0 
1080 0.003304351255925425 0.01450502921777447 0 0 
1081 0.003318324694421296 0.01448643192813986 0 0 
1082 0.003332195568473825 0.01446784735593835 0 0 
1083 0.003345964507682932 0.01444927542226588 0 0 
1084 0.003359632614881931 0.01443071539591386 0 0 
1085 0.00337320060441453 0.014412167053927 0 0 
1086 0.003386669191111119 0.01439363016024033 0 0 
1087 0.003400039422778085 0.01437510400476553 0 0 
1088 0.003413311851378077 0.01435658854690008 0 0 
1089 0.003426487496942551 0.0143380830801437 0 0 
1090 0.00343956699601076 0.01431958741823689 0 0 
1091 0.003452550989367253 0.0143011013575664 0 0 
1092 0.003465440444175833 0.01428262421504005 0 0 
1093 0.00347823595265189 0.01426415582731509 0 0 
1094 0.003490938113442807 0.01424569601107213 0 0 
1095 0.003503547848067848 0.01422724409953819 0 0 
1096 0.003516065706246213 0.01420879995278644 0 0 
1097 0.003528492246240732 0.01419036340826529 0 0 
1098 0.003540828345490129 0.01417193381621251 0 0 
1099 0.003553074403587164 0.01415351122520397 0 0 
1100 0.003565231276022179 0.01413509498736709 0 0 
1101 0.00357729944588699 0.01411668500249939 0 0 
1102 0.003589279408088823 0.01409828114342625 0 0 
1103 0.003601171969039425 0.01407988279170788 0 0 
1104 0.003612977573706472 0.01406148987229576 0 0 
1105 0.003624696787098216 0.01404310211366843 0 0 
1106 0.003636330047510302 0.01402471943225117 0 0 
1107 0.00364787810849492 0.0140063412345303 0 0 
1108 0.003659341366031357 0.01398796748098942 0 0 
1109 0.003670720232354656 0.01396959809870479 0 0 
1110 0.003682015422180005 0.01395123251507442 0 0 
1111 0.003693227296633563 0.01393287071791858 0 0 
1112 0.003704356234843583 0.01391451265892843 0 0 
1113 0.003715402913760825 0.0138961577877472 0 0 
1114 0.003726367660908136 0.01387780612069867 0 0 
1115 0.003737250924589572 0.01385945746479746 0 0 
1116 0.003748053031531494 0.01384111182327192 0 0 
1117 0.003758774610553238 0.01382276867661061 0 0 
1118 0.003769415945757904 0.01380442808194676 0 0 
1119 0.003779977442189095 0.0137860898818133 0 0 
1120 0.003790459385282502 0.01376775411858433 0 0 
1121 0.003800862357231749 0.01374942030676179 0 0 
1122 0.003811186600585296 0.01373108854716975 0 0 
1123 0.003821432478755082 0.01371275872093957 0 0 
1124 0.003831600334135633 0.01369443073864903 0 0 
1125 0.003841690402696556 0.01367610469642132 0 0 
1126 0.003851703210653477 0.01365778015571608 0 0 
1127 0.003861638950620527 0.01363945727744359 0 0 
1128 0.003871497935967209 0.01362113599620723 0 0 
1129 0.003881280458776361 0.01360281627934242 0 0 
1130 0.003890986801292005 0.01358449810639904 0 0 
1131 0.003900617142917113 0.01356618164647307 0 0 
1132 0.0039101719451288 0.01354786652638272 0 0 
1133 0.003919651343236711 0.0135295529887154 0 0 
1134 0.003929055592916346 0.01351124104192224 0 0 
1135 0.003938384928144407 0.01349293073172596 0 0 
1136 0.003947639573404072 0.01347462211822032 0 0 
1137 0.003956819743729609 0.01345631527629168 0 0 
1138 0.003965925555569719 0.0134380104753282 0 0 
1139 0.003974957396997989 0.01341970743532879 0 0 
1140 0.003983915339272421 0.01340140651121847 0 0 
1141 0.003992799573016054 0.01338310781531305 0 0 
1142 0.004001610266548893 0.01336481150353544 0 0 
1143 0.004010347578924984 0.01334651774959761 0 0 
1144 0.004019011659947801 0.01332822674558968 0 0 
1145 0.004027602650181035 0.01330993870259857 0 0 
1146 0.004036120680954597 0.01329165385135789 0 0 
1147 0.004044565874365661 0.01327337244293084 0 0 
1148 0.004052938343274606 0.01325509474942809 0 0 
1149 0.00406123819129567 0.01323682106476263 0 0 
1150 0.004069465512782086 0.01321855170544386 0 0 
1151 0.004077620392805538 0.01320028701141324 0 0 
1152 0.004085702907129628 0.01318202734692401 0 0 
1153 0.004093713122177217 0.01316377310146762 0 0 
1154 0.004101651094991234 0.01314552469074998 0 0 
1155 0.004109516873188783 0.01312728255772028 0 0 
1156 0.00411731049490815 0.01310904717365612 0 0 
1157 0.004125031988748429 0.0130908190393081 0 0 
1158 0.004132681373701356 0.01307259868610814 0 0 
1159 0.004157547009999171 0.01301283411854428 0 0 
1160 0.004182412646296988 0.01295306955098041 0 0 
1161 0.004207278282594804 0.01289330498341654 0 0 
1162 0.004232143918892621 0.01283354041585267 0 0 
1163 0.004257009555190435 0.01277377584828881 0 0 
1164 0.004281875191488252 0.01271401128072494 0 0 
1165 0.004306740827786068 0.01265424671316108 0 0 
1166 0.004331606464083884 0.01259448214559721 0 0 
1167 0.0043564721003817 0.01253471757803334 0 0 
1168 0.004381337736679517 0.01247495301046947 0 0 
1169 0.004406203372977333 0.01241518844290561 0 0 
1170 0.004431069009275149 0.01235542387534174 0 0 
1171 0.004455934645572965 0.01229565930777787 0 0 
1172 0.004480800281870781 0.01223589474021401 0 0 
1173 0.004505665918168597 0.01217613017265014 0 0 
1174 0.004530531554466413 0.01211636560508627 0 0 
1175 0.004555397190764229 0.0120566010375224 0 0 
1176 0.004580262827062047 0.01199683646995854 0 0 
1177 0.004605128463359863 0.01193707190239467 0 0 
1178 0.00462999409965768 0.0118773073348308 0 0 
1179 0.004654859735955494 0.01181754276726694 0 0 
1180 0.004679725372253311 0.01175777819970307 0 0 
1181 0.004704591008551126 0.0116980136321392 0 0 
1182 0.004729456644848942 0.01163824906457534 0 0 
1183 0.004754322281146758 0.01157848449701147 0 0 
1184 0.004779187917444575 0.0115187199294476 0 0 
1185 0.004804053553742391 0.01145895536188374 0 0 
1186 0.004828919190040207 0.01139919079431987 0 0 
1187 0.004853784826338023 0.011339426226756 0 0 
1188 0.004878650462635839 0.01127966165919213 0 0 
1189 0.004903516098933656 0.01121989709162827 0 0 
1190 0.004928381735231471 0.0111601325240644 0 0 
1191 0.004953247371529288 0.01110036795650053 0 0 
1192 0.004978113007827104 0.01104060338893667 0 0 
1193 0.00500297864412492 0.0109808388213728 0 0 
1194 0.005027844280422736 0.01092107425380893 0 0 
1195 0.005052709916720553 0.01086130968624507 0 0 
1196 0.00507757555301837 0.0108015451186812 0 0 
1197 0.005102441189316185 0.01074178055111733 0 0 
1198 0.005127306825614002 0.01068201598355346 0 0 
1199 0.005152172461911816 0.0106222514159896 0 0 
1200 0.005177038098209633 0.01056248684842573 0 0 
1201 0.005201903734507449 0.01050272228086186 0 0 
1202 0.005226769370805265 0.010442957713298 0 0 
1203 0.005251635007103081 0.01038319314573413 0 0 
1204 0.005276500643400898 0.01032342857817026 0 0 
1205 0.005301366279698714 0.01026366401060639 0 0 
1206 0.005326231915996529 0.01020389944304253 0 0 
1207 0.005351097552294346 0.01014413487547866 0 0 
1208 0.005375963188592162 0.0100843703079148 0 0 
1209 0.005400828824889978 0.01002460574035093 0 0 
1210 0.005425694461187794 0.009964841172787059 0 0 
1211 0.005450560097485611 0.009905076605223193 0 0 
1212 0.005475425733783427 0.009845312037659327 0 0 
1213 0.005500291370081243 0.009785547470095461 0 0 
1214 0.005525157006379059 0.009725782902531592 0 0 
1215 0.005550022642676874 0.009666018334967726 0 0 
1216 0.005574888278974692 0.009606253767403858 0 0 
1217 0.005599753915272508 0.009546489199839994 0 0 
1218 0.005624619551570324 0.009486724632276124 0 0 
1219 0.00564948518786814 0.009426960064712258 0 0 
1220 0.005674350824165957 0.00936719549714839 0 0 
1221 0.005699216460463772 0.009307430929584524 0 0 
1222 0.005724082096761588 0.009247666362020656 0 0 
1223 0.005748947733059404 0.009187901794456789 0 0 
1224 0.00577381336935722 0.009128137226892919 0 0 
1225 0.005798679005655036 0.009068372659329055 0 0 
1226 0.005823544641952852 0.009008608091765189 0 0 
1227 0.005848410278250669 0.008948843524201323 0 0 
1228 0.005873275914548485 0.008889078956637455 0 0 
1229 0.005898141550846301 0.008829314389073587 0 0 
1230 0.005923007187144117 0.008769549821509721 0 0 
1231 0.005947872823441933 0.008709785253945855 0 0 
1232 0.00597273845973975 0.008650020686381987 0 0 
1233 0.005997604096037565 0.00859025611881812 0 0 
1234 0.006022469732335382 0.008530491551254253 0 0 
1235 0.006047335368633198 0.008470726983690386 0 0 
1236 0.006072201004931015 0.00841096241612652 0 0 
1237 0.00609706664122883 0.008351197848562652 0 0 
1238 0.006121932277526647 0.008291433280998784 0 0 
1239 0.006146797913824462 0.008231668713434918 0 0 
1240 0.006171663550122278 0.00817190414587105 0 0 
1241 0.006196529186420095 0.008112139578307184 0 0 
1242 0.006221394822717911 0.008052375010743316 0 0 
1243 0.006246260459015727 0.00799261044317945 0 0 
1244 0.006271126095313543 0.007932845875615583 0 0 
1245 0.006295991731611359 0.007873081308051717 0 0 
1246 0.006320857367909175 0.007813316740487849 0 0 
1247 0.006345723004206991 0.007753552172923982 0 0 
1248 0.006370588640504808 0.007693787605360114 0 0 
1249 0.006395454276802624 0.007634023037796248 0 0 
1250 0.006420319913100441 0.00757425847023238 0 0 
1251 0.006445185549398256 0.007514493902668514 0 0 
1252 0.006470051185696072 0.007454729335104647 0 0 
1253 0.006494916821993888 0.00739496476754078 0 0 
1254 0.006519782458291704 0.007335200199976913 0 0 
1255 0.00654464809458952 0.007275435632413047 0 0 
1256 0.006569513730887338 0.007215671064849179 0 0 
1257 0.006594379367185154 0.007155906497285313 0 0 
1258 0.006594746585725253 0.007147789182873613 0 0 
1259 0.006595113804265355 0.007139671868461913 0 0 
1260 0.006595481022805456 0.007131554554050214 0 0 
1261 0.006595848241345556 0.007123437239638513 0 0 
1262 0.006596215459885657 0.007115319925226812 0 0 
1263 0.006596582678425759 0.007107202610815114 0 0 
1264 0.006596949896965859 0.007099085296403413 0 0 
1265 0.00659731711550596 0.007090967981991713 0 0 
1266 0.00659768433404606 0.007082850667580013 0 0 
1267 0.006598051552586162 0.007074733353168313 0 0 
1268 0.006598418771126264 0.007066616038756613 0 0 
1269 0.006598785989666364 0.007058498724344913 0 0 
1270 0.006599153208206465 0.007050381409933213 0 0 
1271 0.006599520426746565 0.007042264095521514 0 0 
1272 0.006599887645286667 0.007034146781109813 0 0 
1273 0.006600254863826767 0.007026029466698114 0 0 
1274 0.006600622082366869 0.007017912152286413 0 0 
1275 0.006600989300906969 0.007009794837874713 0 0 
1276 0.00660135651944707 0.007001677523463014 0 0 
1277 0.006601723737987171 0.006993560209051314 0 0 
1278 0.006602090956527272 0.006985442894639613 0 0 
1279 0.006602458175067372 0.006977325580227915 0 0 
1280 0.006602825393607474 0.006969208265816214 0 0 
1281 0.006603192612147575 0.006961090951404513 0 0 
1282 0.006603559830687676 0.006952973636992813 0 0 
1283 0.006603927049227776 0.006944856322581114 0 0 
1284 0.006604294267767877 0.006936739008169414 0 0 
1285 0.006604661486307979 0.006928621693757714 0 0 
1286 0.00660502870484808 0.006920504379346014 0 0 
1287 0.00660539592338818 0.006912387064934314 0 0 
1288 0.00660576314192828 0.006904269750522614 0 0 
1289 0.006606130360468382 0.006896152436110914 0 0 
1290 0.006606497579008483 0.006888035121699214 0 0 
1291 0.006606864797548584 0.006879917807287514 0 0 
1292 0.006607232016088685 0.006871800492875815 0 0 
1293 0.006607599234628786 0.006863683178464114 0 0 
1294 0.006607966453168886 0.006855565864052414 0 0 
1295 0.006608333671708987 0.006847448549640715 0 0 
1296 0.006608700890249088 0.006839331235229014 0 0 
1297 0.00660906810878919 0.006831213920817314 0 0 
1298 0.006609435327329291 0.006823096606405614 0 0 
1299 0.00660980254586939 0.006814979291993915 0 0 
1300 0.006610169764409492 0.006806861977582214 0 0 
1301 0.006610536982949593 0.006798744663170514 0 0 
1302 0.006610904201489694 0.006790627348758816 0 0 
1303 0.006611271420029796 0.006782510034347115 0 0 
1304 0.006611638638569895 0.006774392719935415 0 0 
1305 0.006612005857109996 0.006766275405523715 0 0 
1306 0.006612373075650097 0.006758158091112015 0 0 
1307 0.006612740294190198 0.006750040776700314 0 0 
1308 0.006613107512730299 0.006741923462288615 0 0 
1309 0.0066134747312704 0.006733806147876915 0 0 
1310 0.006613841949810501 0.006725688833465215 0 0 
1311 0.006614209168350602 0.006717571519053516 0 0 
1312 0.006614576386890703 0.006709454204641817 0 0 
1313 0.006614943605430804 0.006701336890230115 0 0 
1314 0.006615310823970905 0.006693219575818414 0 0 
1315 0.006615678042511007 0.006685102261406715 0 0 
1316 0.006616045261051106 0.006676984946995015 0 0 
1317 0.006616412479591207 0.006668867632583315 0 0 
1318 0.006616779698131309 0.006660750318171617 0 0 
1319 0.006617146916671409 0.006652633003759915 0 0 
1320 0.00661751413521151 0.006644515689348215 0 0 
1321 0.006617881353751611 0.006636398374936516 0 0 
1322 0.006618248572291712 0.006628281060524815 0 0 
1323 0.006618615790831813 0.006620163746113115 0 0 
1324 0.006618983009371913 0.006612046431701416 0 0 
1325 0.006619350227912015 0.006603929117289716 0 0 
1326 0.006619717446452116 0.006595811802878016 0 0 
1327 0.006620084664992218 0.006587694488466316 0 0 
1328 0.006620451883532317 0.006579577174054617 0 0 
1329 0.006620819102072418 0.006571459859642916 0 0 
1330 0.006621186320612519 0.006563342545231217 0 0 
1331 0.00662155353915262 0.006555225230819516 0 0 
1332 0.006621920757692722 0.006547107916407817 0 0 
1333 0.006622287976232822 0.006538990601996116 0 0 
1334 0.006622655194772922 0.006530873287584417 0 0 
1335 0.006623022413313025 0.006522755973172717 0 0 
1336 0.006623389631853125 0.006514638658761016 0 0 
1337 0.006623756850393225 0.006506521344349317 0 0 
1338 0.006624124068933327 0.006498404029937616 0 0 
1339 0.006624491287473427 0.006490286715525917 0 0 
1340 0.006624858506013529 0.006482169401114217 0 0 
1341 0.006625225724553629 0.006474052086702516 0 0 
1342 0.00662559294309373 0.006465934772290817 0 0 
1343 0.006625960161633831 0.006457817457879117 0 0 
1344 0.006626327380173933 0.006449700143467418 0 0 
1345 0.006626694598714033 0.006441582829055717 0 0 
1346 0.006627061817254133 0.006433465514644018 0 0 
1347 0.006627429035794235 0.006425348200232317 0 0 
1348 0.006627796254334336 0.006417230885820616 0 0 
1349 0.006628163472874436 0.006409113571408917 0 0 
1350 0.006628530691414538 0.006400996256997217 0 0 
1351 0.006628897909954638 0.006392878942585518 0 0 
1352 0.006629265128494739 0.006384761628173817 0 0 
1353 0.00662963234703484 0.006376644313762117 0 0 
1354 0.00662999956557494 0.006368526999350417 0 0 
1355 0.006630366784115042 0.006360409684938716 0 0 
1356 0.006630734002655144 0.006352292370527018 0 0 
1357 0.006474800034011719 0.00670401303941266 0 0 
1358 0.006316279503590451 0.007040435124609911 0 0 
1359 0.006155336911290724 0.007362541959353038 0 0 
1360 0.00599213887613363 0.007671173611679951 0 0 
1361 0.0058268804490677 0.007967006444468334 0 0 
1362 0.005659828744471836 0.00825050977586746 0 0 
1363 0.005491403885118938 0.008521855033640455 0 0 
1364 0.005322343803816629 0.008780721462691826 0 0 
1365 0.004990058585099077 0.009253289645169336 0 0 
1366 0.004847446535885984 0.009443276380740669 0 0 
1367 0.004697605329155149 0.00962761511524662 0 0 
1368 0.004540758428059409 0.009806030938228976 0 0 
1369 0.004377139743575559 0.00997825777226358 0 0 
1370 0.004206993285665182 0.01014403876977041 0 0 
1371 0.004030572799374502 0.01030312669605889 0 0 
1372 0.003848141386415999 0.01045528429803714 0 0 
1373 0.003659971112796115 0.01060028465803541 0 0 
1374 0.003466342603074211 0.01073791153221586 0 0 
1375 0.003267544621857869 0.01086795967306423 0 0 
1376 0.003063873643158668 0.01099023513548216 0 0 
1377 0.002855633408250683 0.01110455556602401 0 0 
1378 0.002643134472691057 0.01121075047484659 0 0 
1379 0.002426693743178224 0.01130866148996624 0 0 
1380 0.00220663400493845 0.01139814259344429 0 0 
1381 0.00198328344034554 0.01147906033914842 0 0 
1382 0.001756975139491602 0.01155129405176525 0 0 
1383 0.001528046603438759 0.01161473600676753 0 0 
1384 0.001296839240892641 0.01166929159106718 0 0 
1385 0.001063697859048283 0.01171487944411502 0 0 
1386 0.0008289701493677276 0.01175143157923637 0 0 
1387 0.0005930061690562494 0.0117788934850219 0 0 
1388 0.0003561578190104469 0.01179722420662223 0 0 
1389 0.0001187783190167808 0.01180639640682533 0 0 
1390 -0.0001187783190167808 0.01180639640682533 0 0 
1391 -0.0003561578190104469 0.01179722420662223 0 0 
1392 -0.0005930061690562502 0.0117788934850219 0 0 
1393 -0.0008289701493677276 0.01175143157923637 0 0 
1394 -0.001063697859048283 0.01171487944411502 0 0 
1395 -0.001296839240892643 0.01166929159106718 0 0 
1396 -0.001528046603438759 0.01161473600676753 0 0 
1397 -0.001756975139491602 0.01155129405176525 0 0 
1398 -0.00198328344034554 0.01147906033914842 0 0 
1399 -0.00220663400493845 0.01139814259344429 0 0 
1400 -0.002426693743178224 0.01130866148996624 0 0 
1401 -0.002643134472691057 0.01121075047484659 0 0 
1402 -0.002855633408250683 0.01110455556602401 0 0 
1403 -0.003063873643158669 0.01099023513548215 0 0 
1404 -0.003267544621857869 0.01086795967306423 0 0 
1405 -0.003466342603074211 0.01073791153221586 0 0 
1406 -0.003659971112796115 0.01060028465803541 0 0 
1407 -0.003848141386415999 0.01045528429803714 0 0 
1408 -0.004030572799374503 0.01030312669605889 0 0 
1409 -0.004206993285665182 0.01014403876977041 0 0 
1410 -0.004377139743575559 0.00997825777226358 0 0 
1411 -0.004540758428059409 0.009806030938228972 0 0 
1412 -0.00469760532915515 0.00962761511524662 0 0 
1413 -0.004847446535885984 0.009443276380740669 0 0 
1414 -0.004990058585099077 0.009253289645169336 0 0 
1415 -0.005154106349320117 0.009025807386975537 0 0 
1416 -0.005322343803816629 0.008780721462691826 0 0 
1417 -0.005491403885118938 0.008521855033640455 0 0 
1418 -0.005659828744471836 0.00825050977586746 0 0 
1419 -0.0058268804490677 0.007967006444468334 0 0 
1420 -0.00599213887613363 0.007671173611679951 0 0 
1421 -0.006155336911290724 0.007362541959353038 0 0 
1422 -0.006316279503590451 0.007040435124609911 0 0 
1 -0.006601723737987172 0.006449700143467416 0 0.006626327380173932 0.01619941566010664 0 0 2 1 -1 
2 -0.006601723737987172 0.006449700143467416 0 0.006626327380173932 0.01619941566010664 0 0 2 712 -712 
1 -0.006601723737987172 0.006449700143467416 0 0.006626327380173932 0.01619941566010664 0 0 1 2 
$EndEntities
$Nodes
1425 1501 1 1501
0 1 0 1
1
-0.006578263716387677 0.006468335715276116 0
0 2 0 1
2
-0.006630366784115042 0.006360409684938716 0
0 3 0 1
3
-0.00662999956557494 0.006368526999350417 0
0 4 0 1
4
-0.00662963234703484 0.006376644313762117 0
0 5 0 1
5
-0.006629265128494739 0.006384761628173817 0
0 6 0 1
6
-0.006628897909954638 0.006392878942585518 0
0 7 0 1
7
-0.006628530691414538 0.006400996256997217 0
0 8 0 1
8
-0.006628163472874436 0.006409113571408917 0
0 9 0 1
9
-0.006627796254334336 0.006417230885820616 0
0 10 0 1
10
-0.006627429035794235 0.006425348200232317 0
0 11 0 1
11
-0.006627061817254133 0.006433465514644018 0
0 12 0 1
12
-0.006626694598714033 0.006441582829055717 0
0 13 0 1
13
-0.006626327380173933 0.006449700143467418 0
0 14 0 1
14
-0.006625960161633831 0.006457817457879117 0
0 15 0 1
15
-0.00662559294309373 0.006465934772290817 0
0 16 0 1
16
-0.006625225724553629 0.006474052086702516 0
0 17 0 1
17
-0.006624858506013529 0.006482169401114217 0
0 18 0 1
18
-0.006624491287473427 0.006490286715525917 0
0 19 0 1
19
-0.006624124068933327 0.006498404029937616 0
0 20 0 1
20
-0.006623756850393225 0.006506521344349317 0
0 21 0 1
21
-0.006623389631853125 0.006514638658761016 0
0 22 0 1
22
-0.006623022413313025 0.006522755973172717 0
0 23 0 1
23
-0.006622655194772922 0.006530873287584417 0
0 24 0 1
24
-0.006622287976232822 0.006538990601996116 0
0 25 0 1
25
-0.006621920757692722 0.006547107916407817 0
0 26 0 1
26
-0.00662155353915262 0.006555225230819516 0
0 27 0 1
27
-0.006621186320612519 0.006563342545231217 0
0 28 0 1
28
-0.006620819102072418 0.006571459859642916 0
0 29 0 1
29
-0.006620451883532317 0.006579577174054617 0
0 30 0 1
30
-0.006620084664992218 0.006587694488466316 0
0 31 0 1
31
-0.006619717446452116 0.006595811802878016 0
0 32 0 1
32
-0.006619350227912015 0.006603929117289716 0
0 33 0 1
33
-0.006618983009371913 0.006612046431701416 0
0 34 0 1
34
-0.006618615790831813 0.006620163746113115 0
0 35 0 1
35
-0.006618248572291712 0.006628281060524815 0
0 36 0 1
36
-0.006617881353751611 0.006636398374936516 0
0 37 0 1
37
-0.00661751413521151 0.006644515689348215 0
0 38 0 1
38
-0.006617146916671409 0.006652633003759915 0
0 39 0 1
39
-0.006616779698131309 0.006660750318171617 0
0 40 0 1
40
-0.006616412479591207 0.006668867632583315 0
0 41 0 1
41
-0.006616045261051106 0.006676984946995015 0
0 42 0 1
42
-0.006615678042511007 0.006685102261406715 0
0 43 0 1
43
-0.006615310823970905 0.006693219575818414 0
0 44 0 1
44
-0.006614943605430804 0.006701336890230115 0
0 45 0 1
45
-0.006614576386890703 0.006709454204641817 0
0 46 0 1
46
-0.006614209168350602 0.006717571519053516 0
0 47 0 1
47
-0.006613841949810501 0.006725688833465215 0
0 48 0 1
48
-0.0066134747312704 0.006733806147876915 0
0 49 0 1
49
-0.006613107512730299 0.006741923462288615 0
0 50 0 1
50
-0.006612740294190198 0.006750040776700314 0
0 51 0 1
51
-0.006612373075650097 0.006758158091112015 0
0 52 0 1
52
-0.006612005857109996 0.006766275405523715 0
0 53 0 1
53
-0.006611638638569895 0.006774392719935415 0
0 54 0 1
54
-0.006611271420029796 0.006782510034347115 0
0 55 0 1
55
-0.006610904201489694 0.006790627348758816 0
0 56 0 1
56
-0.006610536982949593 0.006798744663170514 0
0 57 0 1
57
-0.006610169764409492 0.006806861977582214 0
0 58 0 1
58
-0.00660980254586939 0.006814979291993915 0
0 59 0 1
59
-0.006609435327329291 0.006823096606405614 0
0 60 0 1
60
-0.00660906810878919 0.006831213920817314 0
0 61 0 1
61
-0.006608700890249088 0.006839331235229014 0
0 62 0 1
62
-0.006608333671708987 0.006847448549640715 0
0 63 0 1
63
-0.006607966453168886 0.006855565864052414 0
0 64 0 1
64
-0.006607599234628786 0.006863683178464114 0
0 65 0 1
65
-0.006607232016088685 0.006871800492875815 0
0 66 0 1
66
-0.006606864797548584 0.006879917807287514 0
0 67 0 1
67
-0.006606497579008483 0.006888035121699214 0
0 68 0 1
68
-0.006606130360468382 0.006896152436110914 0
0 69 0 1
69
-0.00660576314192828 0.006904269750522614 0
0 70 0 1
70
-0.00660539592338818 0.006912387064934314 0
0 71 0 1
71
-0.00660502870484808 0.006920504379346014 0
0 72 0 1
72
-0.006604661486307979 0.006928621693757714 0
0 73 0 1
73
-0.006604294267767877 0.006936739008169414 0
0 74 0 1
74
-0.006603927049227776 0.006944856322581114 0
0 75 0 1
75
-0.006603559830687676 0.006952973636992813 0
0 76 0 1
76
-0.006603192612147575 0.006961090951404513 0
0 77 0 1
77
-0.006602825393607474 0.006969208265816214 0
0 78 0 1
78
-0.006602458175067372 0.006977325580227915 0
0 79 0 1
79
-0.006602090956527272 0.006985442894639613 0
0 80 0 1
80
-0.006601723737987171 0.006993560209051314 0
0 81 0 1
81
-0.00660135651944707 0.007001677523463014 0
0 82 0 1
82
-0.006600989300906969 0.007009794837874713 0
0 83 0 1
83
-0.006600622082366869 0.007017912152286413 0
0 84 0 1
84
-0.006600254863826767 0.007026029466698114 0
0 85 0 1
85
-0.006599887645286667 0.007034146781109813 0
0 86 0 1
86
-0.006599520426746565 0.007042264095521514 0
0 87 0 1
87
-0.006599153208206465 0.007050381409933213 0
0 88 0 1
88
-0.006598785989666364 0.007058498724344913 0
0 89 0 1
89
-0.006598418771126264 0.007066616038756613 0
0 90 0 1
90
-0.006598051552586162 0.007074733353168313 0
0 91 0 1
91
-0.00659768433404606 0.007082850667580013 0
0 92 0 1
92
-0.00659731711550596 0.007090967981991713 0
0 93 0 1
93
-0.006596949896965859 0.007099085296403413 0
0 94 0 1
94
-0.006596582678425759 0.007107202610815114 0
0 95 0 1
95
-0.006596215459885657 0.007115319925226812 0
0 96 0 1
96
-0.006595848241345556 0.007123437239638513 0
0 97 0 1
97
-0.006595481022805456 0.007131554554050214 0
0 98 0 1
98
-0.006595113804265355 0.007139671868461913 0
0 99 0 1
99
-0.006594746585725253 0.007147789182873613 0
0 100 0 1
100
-0.006594379367185154 0.007155906497285313 0
0 101 0 1
101
-0.006569513730887338 0.007215671064849179 0
0 102 0 1
102
-0.00654464809458952 0.007275435632413047 0
0 103 0 1
103
-0.006519782458291704 0.007335200199976913 0
0 104 0 1
104
-0.006494916821993888 0.00739496476754078 0
0 105 0 1
105
-0.006470051185696072 0.007454729335104647 0
0 106 0 1
106
-0.006445185549398256 0.007514493902668514 0
0 107 0 1
107
-0.006420319913100441 0.00757425847023238 0
0 108 0 1
108
-0.006395454276802624 0.007634023037796248 0
0 109 0 1
109
-0.006370588640504808 0.007693787605360114 0
0 110 0 1
110
-0.006345723004206991 0.007753552172923982 0
0 111 0 1
111
-0.006320857367909175 0.007813316740487849 0
0 112 0 1
112
-0.006295991731611359 0.007873081308051717 0
0 113 0 1
113
-0.006271126095313543 0.007932845875615583 0
0 114 0 1
114
-0.006246260459015727 0.00799261044317945 0
0 115 0 1
115
-0.006221394822717911 0.008052375010743316 0
0 116 0 1
116
-0.006196529186420095 0.008112139578307184 0
0 117 0 1
117
-0.006171663550122278 0.00817190414587105 0
0 118 0 1
118
-0.006146797913824462 0.008231668713434918 0
0 119 0 1
119
-0.006121932277526647 0.008291433280998784 0
0 120 0 1
120
-0.00609706664122883 0.008351197848562652 0
0 121 0 1
121
-0.006072201004931015 0.00841096241612652 0
0 122 0 1
122
-0.006047335368633198 0.008470726983690386 0
0 123 0 1
123
-0.006022469732335382 0.008530491551254253 0
0 124 0 1
124
-0.005997604096037565 0.00859025611881812 0
0 125 0 1
125
-0.00597273845973975 0.008650020686381987 0
0 126 0 1
126
-0.005947872823441933 0.008709785253945855 0
0 127 0 1
127
-0.005923007187144117 0.008769549821509721 0
0 128 0 1
128
-0.005898141550846301 0.008829314389073587 0
0 129 0 1
129
-0.005873275914548485 0.008889078956637455 0
0 130 0 1
130
-0.005848410278250669 0.008948843524201323 0
0 131 0 1
131
-0.005823544641952852 0.009008608091765189 0
0 132 0 1
132
-0.005798679005655036 0.009068372659329055 0
0 133 0 1
133
-0.00577381336935722 0.009128137226892919 0
0 134 0 1
134
-0.005748947733059404 0.009187901794456789 0
0 135 0 1
135
-0.005724082096761588 0.009247666362020656 0
0 136 0 1
136
-0.005699216460463772 0.009307430929584524 0
0 137 0 1
137
-0.005674350824165957 0.00936719549714839 0
0 138 0 1
138
-0.00564948518786814 0.009426960064712258 0
0 139 0 1
139
-0.005624619551570324 0.009486724632276124 0
0 140 0 1
140
-0.005599753915272508 0.009546489199839994 0
0 141 0 1
141
-0.005574888278974692 0.009606253767403858 0
0 142 0 1
142
-0.005550022642676874 0.009666018334967726 0
0 143 0 1
143
-0.005525157006379059 0.009725782902531592 0
0 144 0 1
144
-0.005500291370081243 0.009785547470095461 0
0 145 0 1
145
-0.005475425733783427 0.009845312037659327 0
0 146 0 1
146
-0.005450560097485611 0.009905076605223193 0
0 147 0 1
147
-0.005425694461187794 0.009964841172787059 0
0 148 0 1
148
-0.005400828824889978 0.01002460574035093 0
0 149 0 1
149
-0.005375963188592162 0.0100843703079148 0
0 150 0 1
150
-0.005351097552294346 0.01014413487547866 0
0 151 0 1
151
-0.005326231915996529 0.01020389944304253 0
0 152 0 1
152
-0.005301366279698714 0.01026366401060639 0
0 153 0 1
153
-0.005276500643400898 0.01032342857817026 0
0 154 0 1
154
-0.005251635007103081 0.01038319314573413 0
0 155 0 1
155
-0.005226769370805265 0.010442957713298 0
0 156 0 1
156
-0.005201903734507449 0.01050272228086186 0
0 157 0 1
157
-0.005177038098209633 0.01056248684842573 0
0 158 0 1
158
-0.005152172461911816 0.0106222514159896 0
0 159 0 1
159
-0.005127306825614002 0.01068201598355346 0
0 160 0 1
160
-0.005102441189316185 0.01074178055111733 0
0 161 0 1
161
-0.00507757555301837 0.0108015451186812 0
0 162 0 1
162
-0.005052709916720553 0.01086130968624507 0
0 163 0 1
163
-0.005027844280422736 0.01092107425380893 0
0 164 0 1
164
-0.00500297864412492 0.0109808388213728 0
0 165 0 1
165
-0.004978113007827104 0.01104060338893667 0
0 166 0 1
166
-0.004953247371529288 0.01110036795650053 0
0 167 0 1
167
-0.004928381735231471 0.0111601325240644 0
0 168 0 1
168
-0.004903516098933656 0.01121989709162827 0
0 169 0 1
169
-0.004878650462635839 0.01127966165919213 0
0 170 0 1
170
-0.004853784826338023 0.011339426226756 0
0 171 0 1
171
-0.004828919190040207 0.01139919079431987 0
0 172 0 1
172
-0.004804053553742391 0.01145895536188374 0
0 173 0 1
173
-0.004779187917444575 0.0115187199294476 0
0 174 0 1
174
-0.004754322281146758 0.01157848449701147 0
0 175 0 1
175
-0.004729456644848942 0.01163824906457534 0
0 176 0 1
176
-0.004704591008551126 0.0116980136321392 0
0 177 0 1
177
-0.004679725372253311 0.01175777819970307 0
0 178 0 1
178
-0.004654859735955494 0.01181754276726694 0
0 179 0 1
179
-0.00462999409965768 0.0118773073348308 0
0 180 0 1
180
-0.004605128463359863 0.01193707190239467 0
0 181 0 1
181
-0.004580262827062047 0.01199683646995854 0
0 182 0 1
182
-0.004555397190764229 0.0120566010375224 0
0 183 0 1
183
-0.004530531554466413 0.01211636560508627 0
0 184 0 1
184
-0.004505665918168597 0.01217613017265014 0
0 185 0 1
185
-0.004480800281870781 0.01223589474021401 0
0 186 0 1
186
-0.004455934645572965 0.01229565930777787 0
0 187 0 1
187
-0.004431069009275149 0.01235542387534174 0
0 188 0 1
188
-0.004406203372977333 0.01241518844290561 0
0 189 0 1
189
-0.004381337736679517 0.01247495301046947 0
0 190 0 1
190
-0.0043564721003817 0.01253471757803334 0
0 191 0 1
191
-0.004331606464083884 0.01259448214559721 0
0 192 0 1
192
-0.004306740827786068 0.01265424671316108 0
0 193 0 1
193
-0.004281875191488252 0.01271401128072494 0
0 194 0 1
194
-0.004257009555190435 0.01277377584828881 0
0 195 0 1
195
-0.004232143918892621 0.01283354041585267 0
0 196 0 1
196
-0.004207278282594804 0.01289330498341654 0
0 197 0 1
197
-0.004182412646296988 0.01295306955098041 0
0 198 0 1
198
-0.004157547009999171 0.01301283411854428 0
0 199 0 1
199
-0.004132681373701356 0.01307259868610814 0
0 200 0 1
200
-0.004125031988748429 0.0130908190393081 0
0 201 0 1
201
-0.00411731049490815 0.01310904717365612 0
0 202 0 1
202
-0.004109516873188783 0.01312728255772028 0
0 203 0 1
203
-0.004101651094991234 0.01314552469074998 0
0 204 0 1
204
-0.004093713122177217 0.01316377310146762 0
0 205 0 1
205
-0.004085702907129628 0.01318202734692401 0
0 206 0 1
206
-0.004077620392805538 0.01320028701141324 0
0 207 0 1
207
-0.004069465512782086 0.01321855170544386 0
0 208 0 1
208
-0.00406123819129567 0.01323682106476263 0
0 209 0 1
209
-0.004052938343274606 0.01325509474942809 0
0 210 0 1
210
-0.004044565874365661 0.01327337244293084 0
0 211 0 1
211
-0.004036120680954597 0.01329165385135789 0
0 212 0 1
212
-0.004027602650181035 0.01330993870259857 0
0 213 0 1
213
-0.004019011659947801 0.01332822674558968 0
0 214 0 1
214
-0.004010347578924984 0.01334651774959761 0
0 215 0 1
215
-0.004001610266548893 0.01336481150353544 0
0 216 0 1
216
-0.003992799573016054 0.01338310781531305 0
0 217 0 1
217
-0.003983915339272421 0.01340140651121847 0
0 218 0 1
218
-0.003974957396997989 0.01341970743532879 0
0 219 0 1
219
-0.003965925555569719 0.0134380104753282 0
0 220 0 1
220
-0.003956819743729609 0.01345631527629168 0
0 221 0 1
221
-0.003947639573404072 0.01347462211822032 0
0 222 0 1
222
-0.003938384928144407 0.01349293073172596 0
0 223 0 1
223
-0.003929055592916346 0.01351124104192224 0
0 224 0 1
224
-0.003919651343236711 0.0135295529887154 0
0 225 0 1
225
-0.0039101719451288 0.01354786652638272 0
0 226 0 1
226
-0.003900617142917113 0.01356618164647307 0
0 227 0 1
227
-0.003890986801292005 0.01358449810639904 0
0 228 0 1
228
-0.003881280458776361 0.01360281627934242 0
0 229 0 1
229
-0.003871497935967209 0.01362113599620723 0
0 230 0 1
230
-0.003861638950620527 0.01363945727744359 0
0 231 0 1
231
-0.003851703210653477 0.01365778015571608 0
0 232 0 1
232
-0.003841690402696556 0.01367610469642132 0
0 233 0 1
233
-0.003831600334135633 0.01369443073864903 0
0 234 0 1
234
-0.003821432478755082 0.01371275872093957 0
0 235 0 1
235
-0.003811186600585296 0.01373108854716975 0
0 236 0 1
236
-0.003800862357231749 0.01374942030676179 0
0 237 0 1
237
-0.003790459385282502 0.01376775411858433 0
0 238 0 1
238
-0.003779977442189095 0.0137860898818133 0
0 239 0 1
239
-0.003769415945757904 0.01380442808194676 0
0 240 0 1
240
-0.003758774610553238 0.01382276867661061 0
0 241 0 1
241
-0.003748053031531494 0.01384111182327192 0
0 242 0 1
242
-0.003737250924589572 0.01385945746479746 0
0 243 0 1
243
-0.003726367660908136 0.01387780612069867 0
0 244 0 1
244
-0.003715402913760825 0.0138961577877472 0
0 245 0 1
245
-0.003704356234843583 0.01391451265892843 0
0 246 0 1
246
-0.003693227296633563 0.01393287071791858 0
0 247 0 1
247
-0.003682015422180005 0.01395123251507442 0
0 248 0 1
248
-0.003670720232354656 0.01396959809870479 0
0 249 0 1
249
-0.003659341366031357 0.01398796748098942 0
0 250 0 1
250
-0.00364787810849492 0.0140063412345303 0
0 251 0 1
251
-0.003636330047510302 0.01402471943225117 0
0 252 0 1
252
-0.003624696787098216 0.01404310211366843 0
0 253 0 1
253
-0.003612977573706472 0.01406148987229576 0
0 254 0 1
254
-0.003601171969039425 0.01407988279170788 0
0 255 0 1
255
-0.003589279408088823 0.01409828114342625 0
0 256 0 1
256
-0.00357729944588699 0.01411668500249939 0
0 257 0 1
257
-0.003565231276022179 0.01413509498736709 0
0 258 0 1
258
-0.003553074403587164 0.01415351122520397 0
0 259 0 1
259
-0.003540828345490129 0.01417193381621251 0
0 260 0 1
260
-0.003528492246240732 0.01419036340826529 0
0 261 0 1
261
-0.003516065706246213 0.01420879995278644 0
0 262 0 1
262
-0.003503547848067848 0.01422724409953819 0
0 263 0 1
263
-0.003490938113442807 0.01424569601107213 0
0 264 0 1
264
-0.00347823595265189 0.01426415582731509 0
0 265 0 1
265
-0.003465440444175833 0.01428262421504005 0
0 266 0 1
266
-0.003452550989367253 0.0143011013575664 0
0 267 0 1
267
-0.00343956699601076 0.01431958741823689 0
0 268 0 1
268
-0.003426487496942551 0.0143380830801437 0
0 269 0 1
269
-0.003413311851378077 0.01435658854690008 0
0 270 0 1
270
-0.003400039422778085 0.01437510400476553 0
0 271 0 1
271
-0.003386669191111119 0.01439363016024033 0
0 272 0 1
272
-0.00337320060441453 0.014412167053927 0
0 273 0 1
273
-0.003359632614881931 0.01443071539591386 0
0 274 0 1
274
-0.003345964507682932 0.01444927542226588 0
0 275 0 1
275
-0.003332195568473825 0.01446784735593835 0
0 276 0 1
276
-0.003318324694421296 0.01448643192813986 0
0 277 0 1
277
-0.003304351255925425 0.01450502921777447 0
0 278 0 1
278
-0.003290274115031043 0.01452363996625631 0
0 279 0 1
279
-0.003276092609860191 0.01454226426696328 0
0 280 0 1
280
-0.003261805570348633 0.01456090286620746 0
0 281 0 1
281
-0.003247412168578089 0.01457955604384222 0
0 282 0 1
282
-0.003232911571479776 0.01459822407243022 0
0 283 0 1
283
-0.003218302550431143 0.01461690771655648 0
0 284 0 1
284
-0.003203584357003543 0.01463560710707229 0
0 285 0 1
285
-0.00318875572406443 0.01465432301823684 0
0 286 0 1
286
-0.003173815867118303 0.01467305559513691 0
0 287 0 1
287
-0.003158763482028045 0.01469180561838617 0
0 288 0 1
288
-0.003143597615099141 0.01471057341060843 0
0 289 0 1
289
-0.003128317301340146 0.01472935929284954 0
0 290 0 1
290
-0.003112921173880827 0.01474816406147796 0
0 291 0 1
291
-0.003097408351563148 0.01476698789856205 0
0 292 0 1
292
-0.003081777425110009 0.01478583160977786 0
0 293 0 1
293
-0.00306602747299901 0.0148046953913042 0
0 294 0 1
294
-0.00305015704232886 0.01482358005804052 0
0 295 0 1
295
-0.003034165169884555 0.01484248582025935 0
0 296 0 1
296
-0.003018050357875068 0.01486141350200826 0
0 297 0 1
297
-0.003001811600016063 0.01488036332764211 0
0 298 0 1
298
-0.002968948952155238 0.01491832554041736 0
0 299 0 1
299
-0.002877117600802931 0.01502044849345517 0
0 300 0 1
300
-0.002781775463776844 0.01511930177633265 0
0 301 0 1
301
-0.00268303888175373 0.01521476476391814 0
0 302 0 1
302
-0.002581028337461702 0.01530672096806771 0
0 303 0 1
303
-0.002475868308661896 0.01539505817976912 0
0 304 0 1
304
-0.002367687116255225 0.01547966860606415 0
0 305 0 1
305
-0.002256616767699559 0.01556044900158235 0
0 306 0 1
306
-0.002142792795928407 0.01563730079452562 0
0 307 0 1
307
-0.002026354093967662 0.0157101302069498 0
0 308 0 1
308
-0.001907442745452213 0.0157788483691967 0
0 309 0 1
309
-0.001786203851249223 0.01584337142833676 0
0 310 0 1
310
-0.001662785352399672 0.01590362065049006 0
0 311 0 1
311
-0.001537337849594166 0.01595952251690092 0
0 312 0 1
312
-0.001410014419403344 0.01601100881364868 0
0 313 0 1
313
-0.001280970427487106 0.01605801671488535 0
0 314 0 1
314
-0.001150363339010581 0.01610048885949849 0
0 315 0 1
315
-0.001018352526498196 0.01613837342110576 0
0 316 0 1
316
-0.000885099075360302 0.01617162417129573 0
0 317 0 1
317
-0.000750765587329657 0.01620020053603786 0
0 318 0 1
318
-0.0006155159820476252 0.0162240676451927 0
0 319 0 1
319
-0.0004795152970422083 0.016243196375062 0
0 320 0 1
320
-0.0003429294863419836 0.01625756338392666 0
0 321 0 1
321
-0.0002059252179716832 0.0162671511405294 0
0 322 0 1
322
-6.86696705765269e-05 0.01627194794546715 0
0 323 0 1
323
6.86696705765264e-05 0.01627194794546715 0
0 324 0 1
324
0.0002059252179716827 0.0162671511405294 0
0 325 0 1
325
0.0003429294863419832 0.01625756338392666 0
0 326 0 1
326
0.0004795152970422083 0.016243196375062 0
0 327 0 1
327
0.0006155159820476243 0.0162240676451927 0
0 328 0 1
328
0.0007507655873296566 0.01620020053603786 0
0 329 0 1
329
0.0008850990753603012 0.01617162417129573 0
0 330 0 1
330
0.001018352526498195 0.01613837342110576 0
0 331 0 1
331
0.001150363339010581 0.01610048885949849 0
0 332 0 1
332
0.001280970427487106 0.01605801671488535 0
0 333 0 1
333
0.001410014419403344 0.01601100881364868 0
0 334 0 1
334
0.001537337849594165 0.01595952251690092 0
0 335 0 1
335
0.001662785352399672 0.01590362065049006 0
0 336 0 1
336
0.001786203851249223 0.01584337142833676 0
0 337 0 1
337
0.001907442745452212 0.0157788483691967 0
0 338 0 1
338
0.002026354093967662 0.0157101302069498 0
0 339 0 1
339
0.002142792795928406 0.01563730079452562 0
0 340 0 1
340
0.002256616767699559 0.01556044900158235 0
0 341 0 1
341
0.002367687116255225 0.01547966860606415 0
0 342 0 1
342
0.002475868308661896 0.01539505817976912 0
0 343 0 1
343
0.002581028337461702 0.01530672096806772 0
0 344 0 1
344
0.00268303888175373 0.01521476476391814 0
0 345 0 1
345
0.002781775463776844 0.01511930177633265 0
0 346 0 1
346
0.002877117600802931 0.01502044849345517 0
0 347 0 1
347
0.002968948952155238 0.01491832554041736 0
0 348 0 1
348
0.002985447352311301 0.01489933613028946 0
0 349 0 1
349
0.003001811600016063 0.01488036332764211 0
0 350 0 1
350
0.003018050357875068 0.01486141350200826 0
0 351 0 1
351
0.003034165169884555 0.01484248582025935 0
0 352 0 1
352
0.00305015704232886 0.01482358005804052 0
0 353 0 1
353
0.00306602747299901 0.0148046953913042 0
0 354 0 1
354
0.003081777425110009 0.01478583160977786 0
0 355 0 1
355
0.003097408351563148 0.01476698789856205 0
0 356 0 1
356
0.003112921173880827 0.01474816406147796 0
0 357 0 1
357
0.003128317301340146 0.01472935929284954 0
0 358 0 1
358
0.003143597615099141 0.01471057341060843 0
0 359 0 1
359
0.003158763482028045 0.01469180561838617 0
0 360 0 1
360
0.003173815867118303 0.01467305559513691 0
0 361 0 1
361
0.00318875572406443 0.01465432301823684 0
0 362 0 1
362
0.003203584357003543 0.01463560710707229 0
0 363 0 1
363
0.003218302550431143 0.01461690771655648 0
0 364 0 1
364
0.003232911571479776 0.01459822407243022 0
0 365 0 1
365
0.003247412168578089 0.01457955604384222 0
0 366 0 1
366
0.003261805570348633 0.01456090286620746 0
0 367 0 1
367
0.003276092609860191 0.01454226426696328 0
0 368 0 1
368
0.003290274115031043 0.01452363996625631 0
0 369 0 1
369
0.003304351255925425 0.01450502921777447 0
0 370 0 1
370
0.003318324694421296 0.01448643192813986 0
0 371 0 1
371
0.003332195568473825 0.01446784735593835 0
0 372 0 1
372
0.003345964507682932 0.01444927542226588 0
0 373 0 1
373
0.003359632614881931 0.01443071539591386 0
0 374 0 1
374
0.00337320060441453 0.014412167053927 0
0 375 0 1
375
0.003386669191111119 0.01439363016024033 0
0 376 0 1
376
0.003400039422778085 0.01437510400476553 0
0 377 0 1
377
0.003413311851378077 0.01435658854690008 0
0 378 0 1
378
0.003426487496942551 0.0143380830801437 0
0 379 0 1
379
0.00343956699601076 0.01431958741823689 0
0 380 0 1
380
0.003452550989367253 0.0143011013575664 0
0 381 0 1
381
0.003465440444175833 0.01428262421504005 0
0 382 0 1
382
0.00347823595265189 0.01426415582731509 0
0 383 0 1
383
0.003490938113442807 0.01424569601107213 0
0 384 0 1
384
0.003503547848067848 0.01422724409953819 0
0 385 0 1
385
0.003516065706246213 0.01420879995278644 0
0 386 0 1
386
0.003528492246240732 0.01419036340826529 0
0 387 0 1
387
0.003540828345490129 0.01417193381621251 0
0 388 0 1
388
0.003553074403587164 0.01415351122520397 0
0 389 0 1
389
0.003565231276022179 0.01413509498736709 0
0 390 0 1
390
0.00357729944588699 0.01411668500249939 0
0 391 0 1
391
0.003589279408088823 0.01409828114342625 0
0 392 0 1
392
0.003601171969039425 0.01407988279170788 0
0 393 0 1
393
0.003612977573706472 0.01406148987229576 0
0 394 0 1
394
0.003624696787098216 0.01404310211366843 0
0 395 0 1
395
0.003636330047510302 0.01402471943225117 0
0 396 0 1
396
0.00364787810849492 0.0140063412345303 0
0 397 0 1
397
0.003659341366031357 0.01398796748098942 0
0 398 0 1
398
0.003670720232354656 0.01396959809870479 0
0 399 0 1
399
0.003682015422180005 0.01395123251507442 0
0 400 0 1
400
0.003693227296633563 0.01393287071791858 0
0 401 0 1
401
0.003704356234843583 0.01391451265892843 0
0 402 0 1
402
0.003715402913760825 0.0138961577877472 0
0 403 0 1
403
0.003726367660908136 0.01387780612069867 0
0 404 0 1
404
0.003737250924589572 0.01385945746479746 0
0 405 0 1
405
0.003748053031531494 0.01384111182327192 0
0 406 0 1
406
0.003758774610553238 0.01382276867661061 0
0 407 0 1
407
0.003769415945757904 0.01380442808194676 0
0 408 0 1
408
0.003779977442189095 0.0137860898818133 0
0 409 0 1
409
0.003790459385282502 0.01376775411858433 0
0 410 0 1
410
0.003800862357231749 0.01374942030676179 0
0 411 0 1
411
0.003811186600585296 0.01373108854716975 0
0 412 0 1
412
0.003821432478755082 0.01371275872093957 0
0 413 0 1
413
0.003831600334135633 0.01369443073864903 0
0 414 0 1
414
0.003841690402696556 0.01367610469642132 0
0 415 0 1
415
0.003851703210653477 0.01365778015571608 0
0 416 0 1
416
0.003861638950620527 0.01363945727744359 0
0 417 0 1
417
0.003871497935967209 0.01362113599620723 0
0 418 0 1
418
0.003881280458776361 0.01360281627934242 0
0 419 0 1
419
0.003890986801292005 0.01358449810639904 0
0 420 0 1
420
0.003900617142917113 0.01356618164647307 0
0 421 0 1
421
0.0039101719451288 0.01354786652638272 0
0 422 0 1
422
0.003919651343236711 0.0135295529887154 0
0 423 0 1
423
0.003929055592916346 0.01351124104192224 0
0 424 0 1
424
0.003938384928144407 0.01349293073172596 0
0 425 0 1
425
0.003947639573404072 0.01347462211822032 0
0 426 0 1
426
0.003956819743729609 0.01345631527629168 0
0 427 0 1
427
0.003965925555569719 0.0134380104753282 0
0 428 0 1
428
0.003974957396997989 0.01341970743532879 0
0 429 0 1
429
0.003983915339272421 0.01340140651121847 0
0 430 0 1
430
0.003992799573016054 0.01338310781531305 0
0 431 0 1
431
0.004001610266548893 0.01336481150353544 0
0 432 0 1
432
0.004010347578924984 0.01334651774959761 0
0 433 0 1
433
0.004019011659947801 0.01332822674558968 0
0 434 0 1
434
0.004027602650181035 0.01330993870259857 0
0 435 0 1
435
0.004036120680954597 0.01329165385135789 0
0 436 0 1
436
0.004044565874365661 0.01327337244293084 0
0 437 0 1
437
0.004052938343274606 0.01325509474942809 0
0 438 0 1
438
0.00406123819129567 0.01323682106476263 0
0 439 0 1
439
0.004069465512782086 0.01321855170544386 0
0 440 0 1
440
0.004077620392805538 0.01320028701141324 0
0 441 0 1
441
0.004085702907129628 0.01318202734692401 0
0 442 0 1
442
0.004093713122177217 0.01316377310146762 0
0 443 0 1
443
0.004101651094991234 0.01314552469074998 0
0 444 0 1
444
0.004109516873188783 0.01312728255772028 0
0 445 0 1
445
0.00411731049490815 0.01310904717365612 0
0 446 0 1
446
0.004125031988748429 0.0130908190393081 0
0 447 0 1
447
0.004132681373701356 0.01307259868610814 0
0 448 0 1
448
0.004157547009999171 0.01301283411854428 0
0 449 0 1
449
0.004182412646296988 0.01295306955098041 0
0 450 0 1
450
0.004207278282594804 0.01289330498341654 0
0 451 0 1
451
0.004232143918892621 0.01283354041585267 0
0 452 0 1
452
0.004257009555190435 0.01277377584828881 0
0 453 0 1
453
0.004281875191488252 0.01271401128072494 0
0 454 0 1
454
0.004306740827786068 0.01265424671316108 0
0 455 0 1
455
0.004331606464083884 0.01259448214559721 0
0 456 0 1
456
0.0043564721003817 0.01253471757803334 0
0 457 0 1
457
0.004381337736679517 0.01247495301046947 0
0 458 0 1
458
0.004406203372977333 0.01241518844290561 0
0 459 0 1
459
0.004431069009275149 0.01235542387534174 0
0 460 0 1
460
0.004455934645572965 0.01229565930777787 0
0 461 0 1
461
0.004480800281870781 0.01223589474021401 0
0 462 0 1
462
0.004505665918168597 0.01217613017265014 0
0 463 0 1
463
0.004530531554466413 0.01211636560508627 0
0 464 0 1
464
0.004555397190764229 0.0120566010375224 0
0 465 0 1
465
0.004580262827062047 0.01199683646995854 0
0 466 0 1
466
0.004605128463359863 0.01193707190239467 0
0 467 0 1
467
0.00462999409965768 0.0118773073348308 0
0 468 0 1
468
0.004654859735955494 0.01181754276726694 0
0 469 0 1
469
0.004679725372253311 0.01175777819970307 0
0 470 0 1
470
0.004704591008551126 0.0116980136321392 0
0 471 0 1
471
0.004729456644848942 0.01163824906457534 0
0 472 0 1
472
0.004754322281146758 0.01157848449701147 0
0 473 0 1
473
0.004779187917444575 0.0115187199294476 0
0 474 0 1
474
0.004804053553742391 0.01145895536188374 0
0 475 0 1
475
0.004828919190040207 0.01139919079431987 0
0 476 0 1
476
0.004853784826338023 0.011339426226756 0
0 477 0 1
477
0.004878650462635839 0.01127966165919213 0
0 478 0 1
478
0.004903516098933656 0.01121989709162827 0
0 479 0 1
479
0.004928381735231471 0.0111601325240644 0
0 480 0 1
480
0.004953247371529288 0.01110036795650053 0
0 481 0 1
481
0.004978113007827104 0.01104060338893667 0
0 482 0 1
482
0.00500297864412492 0.0109808388213728 0
0 483 0 1
483
0.005027844280422736 0.01092107425380893 0
0 484 0 1
484
0.005052709916720553 0.01086130968624507 0
0 485 0 1
485
0.00507757555301837 0.0108015451186812 0
0 486 0 1
486
0.005102441189316185 0.01074178055111733 0
0 487 0 1
487
0.005127306825614002 0.01068201598355346 0
0 488 0 1
488
0.005152172461911816 0.0106222514159896 0
0 489 0 1
489
0.005177038098209633 0.01056248684842573 0
0 490 0 1
490
0.005201903734507449 0.01050272228086186 0
0 491 0 1
491
0.005226769370805265 0.010442957713298 0
0 492 0 1
492
0.005251635007103081 0.01038319314573413 0
0 493 0 1
493
0.005276500643400898 0.01032342857817026 0
0 494 0 1
494
0.005301366279698714 0.01026366401060639 0
0 495 0 1
495
0.005326231915996529 0.01020389944304253 0
0 496 0 1
496
0.005351097552294346 0.01014413487547866 0
0 497 0 1
497
0.005375963188592162 0.0100843703079148 0
0 498 0 1
498
0.005400828824889978 0.01002460574035093 0
0 499 0 1
499
0.005425694461187794 0.009964841172787059 0
0 500 0 1
500
0.005450560097485611 0.009905076605223193 0
0 501 0 1
501
0.005475425733783427 0.009845312037659327 0
0 502 0 1
502
0.005500291370081243 0.009785547470095461 0
0 503 0 1
503
0.005525157006379059 0.009725782902531592 0
0 504 0 1
504
0.005550022642676874 0.009666018334967726 0
0 505 0 1
505
0.005574888278974692 0.009606253767403858 0
0 506 0 1
506
0.005599753915272508 0.009546489199839994 0
0 507 0 1
507
0.005624619551570324 0.009486724632276124 0
0 508 0 1
508
0.00564948518786814 0.009426960064712258 0
0 509 0 1
509
0.005674350824165957 0.00936719549714839 0
0 510 0 1
510
0.005699216460463772 0.009307430929584524 0
0 511 0 1
511
0.005724082096761588 0.009247666362020656 0
0 512 0 1
512
0.005748947733059404 0.009187901794456789 0
0 513 0 1
513
0.00577381336935722 0.009128137226892919 0
0 514 0 1
514
0.005798679005655036 0.009068372659329055 0
0 515 0 1
515
0.005823544641952852 0.009008608091765189 0
0 516 0 1
516
0.005848410278250669 0.008948843524201323 0
0 517 0 1
517
0.005873275914548485 0.008889078956637455 0
0 518 0 1
518
0.005898141550846301 0.008829314389073587 0
0 519 0 1
519
0.005923007187144117 0.008769549821509721 0
0 520 0 1
520
0.005947872823441933 0.008709785253945855 0
0 521 0 1
521
0.00597273845973975 0.008650020686381987 0
0 522 0 1
522
0.005997604096037565 0.00859025611881812 0
0 523 0 1
523
0.006022469732335382 0.008530491551254253 0
0 524 0 1
524
0.006047335368633198 0.008470726983690386 0
0 525 0 1
525
0.006072201004931015 0.00841096241612652 0
0 526 0 1
526
0.00609706664122883 0.008351197848562652 0
0 527 0 1
527
0.006121932277526647 0.008291433280998784 0
0 528 0 1
528
0.006146797913824462 0.008231668713434918 0
0 529 0 1
529
0.006171663550122278 0.00817190414587105 0
0 530 0 1
530
0.006196529186420095 0.008112139578307184 0
0 531 0 1
531
0.006221394822717911 0.008052375010743316 0
0 532 0 1
532
0.006246260459015727 0.00799261044317945 0
0 533 0 1
533
0.006271126095313543 0.007932845875615583 0
0 534 0 1
534
0.006295991731611359 0.007873081308051717 0
0 535 0 1
535
0.006320857367909175 0.007813316740487849 0
0 536 0 1
536
0.006345723004206991 0.007753552172923982 0
0 537 0 1
537
0.006370588640504808 0.007693787605360114 0
0 538 0 1
538
0.006395454276802624 0.007634023037796248 0
0 539 0 1
539
0.006420319913100441 0.00757425847023238 0
0 540 0 1
540
0.006445185549398256 0.007514493902668514 0
0 541 0 1
541
0.006470051185696072 0.007454729335104647 0
0 542 0 1
542
0.006494916821993888 0.00739496476754078 0
0 543 0 1
543
0.006519782458291704 0.007335200199976913 0
0 544 0 1
544
0.00654464809458952 0.007275435632413047 0
0 545 0 1
545
0.006569513730887338 0.007215671064849179 0
0 546 0 1
546
0.006594379367185154 0.007155906497285313 0
0 547 0 1
547
0.006594746585725253 0.007147789182873613 0
0 548 0 1
548
0.006595113804265355 0.007139671868461913 0
0 549 0 1
549
0.006595481022805456 0.007131554554050214 0
0 550 0 1
550
0.006595848241345556 0.007123437239638513 0
0 551 0 1
551
0.006596215459885657 0.007115319925226812 0
0 552 0 1
552
0.006596582678425759 0.007107202610815114 0
0 553 0 1
553
0.006596949896965859 0.007099085296403413 0
0 554 0 1
554
0.00659731711550596 0.007090967981991713 0
0 555 0 1
555
0.00659768433404606 0.007082850667580013 0
0 556 0 1
556
0.006598051552586162 0.007074733353168313 0
0 557 0 1
557
0.006598418771126264 0.007066616038756613 0
0 558 0 1
558
0.006598785989666364 0.007058498724344913 0
0 559 0 1
559
0.006599153208206465 0.007050381409933213 0
0 560 0 1
560
0.006599520426746565 0.007042264095521514 0
0 561 0 1
561
0.006599887645286667 0.007034146781109813 0
0 562 0 1
562
0.006600254863826767 0.007026029466698114 0
0 563 0 1
563
0.006600622082366869 0.007017912152286413 0
0 564 0 1
564
0.006600989300906969 0.007009794837874713 0
0 565 0 1
565
0.00660135651944707 0.007001677523463014 0
0 566 0 1
566
0.006601723737987171 0.006993560209051314 0
0 567 0 1
567
0.006602090956527272 0.006985442894639613 0
0 568 0 1
568
0.006602458175067372 0.006977325580227915 0
0 569 0 1
569
0.006602825393607474 0.006969208265816214 0
0 570 0 1
570
0.006603192612147575 0.006961090951404513 0
0 571 0 1
571
0.006603559830687676 0.006952973636992813 0
0 572 0 1
572
0.006603927049227776 0.006944856322581114 0
0 573 0 1
573
0.006604294267767877 0.006936739008169414 0
0 574 0 1
574
0.006604661486307979 0.006928621693757714 0
0 575 0 1
575
0.00660502870484808 0.006920504379346014 0
0 576 0 1
576
0.00660539592338818 0.006912387064934314 0
0 577 0 1
577
0.00660576314192828 0.006904269750522614 0
0 578 0 1
578
0.006606130360468382 0.006896152436110914 0
0 579 0 1
579
0.006606497579008483 0.006888035121699214 0
0 580 0 1
580
0.006606864797548584 0.006879917807287514 0
0 581 0 1
581
0.006607232016088685 0.006871800492875815 0
0 582 0 1
582
0.006607599234628786 0.006863683178464114 0
0 583 0 1
583
0.006607966453168886 0.006855565864052414 0
0 584 0 1
584
0.006608333671708987 0.006847448549640715 0
0 585 0 1
585
0.006608700890249088 0.006839331235229014 0
0 586 0 1
586
0.00660906810878919 0.006831213920817314 0
0 587 0 1
587
0.006609435327329291 0.006823096606405614 0
0 588 0 1
588
0.00660980254586939 0.006814979291993915 0
0 589 0 1
589
0.006610169764409492 0.006806861977582214 0
0 590 0 1
590
0.006610536982949593 0.006798744663170514 0
0 591 0 1
591
0.006610904201489694 0.006790627348758816 0
0 592 0 1
592
0.006611271420029796 0.006782510034347115 0
0 593 0 1
593
0.006611638638569895 0.006774392719935415 0
0 594 0 1
594
0.006612005857109996 0.006766275405523715 0
0 595 0 1
595
0.006612373075650097 0.006758158091112015 0
0 596 0 1
596
0.006612740294190198 0.006750040776700314 0
0 597 0 1
597
0.006613107512730299 0.006741923462288615 0
0 598 0 1
598
0.0066134747312704 0.006733806147876915 0
0 599 0 1
599
0.006613841949810501 0.006725688833465215 0
0 600 0 1
600
0.006614209168350602 0.006717571519053516 0
0 601 0 1
601
0.006614576386890703 0.006709454204641817 0
0 602 0 1
602
0.006614943605430804 0.006701336890230115 0
0 603 0 1
603
0.006615310823970905 0.006693219575818414 0
0 604 0 1
604
0.006615678042511007 0.006685102261406715 0
0 605 0 1
605
0.006616045261051106 0.006676984946995015 0
0 606 0 1
606
0.006616412479591207 0.006668867632583315 0
0 607 0 1
607
0.006616779698131309 0.006660750318171617 0
0 608 0 1
608
0.006617146916671409 0.006652633003759915 0
0 609 0 1
609
0.00661751413521151 0.006644515689348215 0
0 610 0 1
610
0.006617881353751611 0.006636398374936516 0
0 611 0 1
611
0.006618248572291712 0.006628281060524815 0
0 612 0 1
612
0.006618615790831813 0.006620163746113115 0
0 613 0 1
613
0.006618983009371913 0.006612046431701416 0
0 614 0 1
614
0.006619350227912015 0.006603929117289716 0
0 615 0 1
615
0.006619717446452116 0.006595811802878016 0
0 616 0 1
616
0.006620084664992218 0.006587694488466316 0
0 617 0 1
617
0.006620451883532317 0.006579577174054617 0
0 618 0 1
618
0.006620819102072418 0.006571459859642916 0
0 619 0 1
619
0.006621186320612519 0.006563342545231217 0
0 620 0 1
620
0.00662155353915262 0.006555225230819516 0
0 621 0 1
621
0.006621920757692722 0.006547107916407817 0
0 622 0 1
622
0.006622287976232822 0.006538990601996116 0
0 623 0 1
623
0.006622655194772922 0.006530873287584417 0
0 624 0 1
624
0.006623022413313025 0.006522755973172717 0
0 625 0 1
625
0.006623389631853125 0.006514638658761016 0
0 626 0 1
626
0.006623756850393225 0.006506521344349317 0
0 627 0 1
627
0.006624124068933327 0.006498404029937616 0
0 628 0 1
628
0.006624491287473427 0.006490286715525917 0
0 629 0 1
629
0.006624858506013529 0.006482169401114217 0
0 630 0 1
630
0.006625225724553629 0.006474052086702516 0
0 631 0 1
631
0.00662559294309373 0.006465934772290817 0
0 632 0 1
632
0.006625960161633831 0.006457817457879117 0
0 633 0 1
633
0.006626327380173933 0.006449700143467418 0
0 634 0 1
634
0.006626694598714033 0.006441582829055717 0
0 635 0 1
635
0.006627061817254133 0.006433465514644018 0
0 636 0 1
636
0.006627429035794235 0.006425348200232317 0
0 637 0 1
637
0.006627796254334336 0.006417230885820616 0
0 638 0 1
638
0.006628163472874436 0.006409113571408917 0
0 639 0 1
639
0.006628530691414538 0.006400996256997217 0
0 640 0 1
640
0.006628897909954638 0.006392878942585518 0
0 641 0 1
641
0.006629265128494739 0.006384761628173817 0
0 642 0 1
642
0.00662963234703484 0.006376644313762117 0
0 643 0 1
643
0.00662999956557494 0.006368526999350417 0
0 644 0 1
644
0.006630366784115042 0.006360409684938716 0
0 645 0 1
645
0.006630734002655144 0.006352292370527018 0
0 646 0 1
646
0.006474800034011719 0.00670401303941266 0
0 647 0 1
647
0.006316279503590451 0.007040435124609911 0
0 648 0 1
648
0.006155336911290724 0.007362541959353038 0
0 649 0 1
649
0.00599213887613363 0.007671173611679951 0
0 650 0 1
650
0.0058268804490677 0.007967006444468334 0
0 651 0 1
651
0.005659828744471836 0.00825050977586746 0
0 652 0 1
652
0.005491403885118938 0.008521855033640455 0
0 653 0 1
653
0.005322343803816629 0.008780721462691826 0
0 654 0 1
654
0.004990058585099077 0.009253289645169336 0
0 655 0 1
655
0.004847446535885984 0.009443276380740669 0
0 656 0 1
656
0.004697605329155149 0.00962761511524662 0
0 657 0 1
657
0.004540758428059409 0.009806030938228976 0
0 658 0 1
658
0.004377139743575559 0.00997825777226358 0
0 659 0 1
659
0.004206993285665182 0.01014403876977041 0
0 660 0 1
660
0.004030572799374502 0.01030312669605889 0
0 661 0 1
661
0.003848141386415999 0.01045528429803714 0
0 662 0 1
662
0.003659971112796115 0.01060028465803541 0
0 663 0 1
663
0.003466342603074211 0.01073791153221586 0
0 664 0 1
664
0.003267544621857869 0.01086795967306423 0
0 665 0 1
665
0.003063873643158668 0.01099023513548216 0
0 666 0 1
666
0.002855633408250683 0.01110455556602401 0
0 667 0 1
667
0.002643134472691057 0.01121075047484659 0
0 668 0 1
668
0.002426693743178224 0.01130866148996624 0
0 669 0 1
669
0.00220663400493845 0.01139814259344429 0
0 670 0 1
670
0.00198328344034554 0.01147906033914842 0
0 671 0 1
671
0.001756975139491602 0.01155129405176525 0
0 672 0 1
672
0.001528046603438759 0.01161473600676753 0
0 673 0 1
673
0.001296839240892641 0.01166929159106718 0
0 674 0 1
674
0.001063697859048283 0.01171487944411502 0
0 675 0 1
675
0.0008289701493677276 0.01175143157923637 0
0 676 0 1
676
0.0005930061690562494 0.0117788934850219 0
0 677 0 1
677
0.0003561578190104469 0.01179722420662223 0
0 678 0 1
678
0.0001187783190167808 0.01180639640682533 0
0 679 0 1
679
-0.0001187783190167808 0.01180639640682533 0
0 680 0 1
680
-0.0003561578190104469 0.01179722420662223 0
0 681 0 1
681
-0.0005930061690562502 0.0117788934850219 0
0 682 0 1
682
-0.0008289701493677276 0.01175143157923637 0
0 683 0 1
683
-0.001063697859048283 0.01171487944411502 0
0 684 0 1
684
-0.001296839240892643 0.01166929159106718 0
0 685 0 1
685
-0.001528046603438759 0.01161473600676753 0
0 686 0 1
686
-0.001756975139491602 0.01155129405176525 0
0 687 0 1
687
-0.00198328344034554 0.01147906033914842 0
0 688 0 1
688
-0.00220663400493845 0.01139814259344429 0
0 689 0 1
689
-0.002426693743178224 0.01130866148996624 0
0 690 0 1
690
-0.002643134472691057 0.01121075047484659 0
0 691 0 1
691
-0.002855633408250683 0.01110455556602401 0
0 692 0 1
692
-0.003063873643158669 0.01099023513548215 0
0 693 0 1
693
-0.003267544621857869 0.01086795967306423 0
0 694 0 1
694
-0.003466342603074211 0.01073791153221586 0
0 695 0 1
695
-0.003659971112796115 0.01060028465803541 0
0 696 0 1
696
-0.003848141386415999 0.01045528429803714 0
0 697 0 1
697
-0.004030572799374503 0.01030312669605889 0
0 698 0 1
698
-0.004206993285665182 0.01014403876977041 0
0 699 0 1
699
-0.004377139743575559 0.00997825777226358 0
0 700 0 1
700
-0.004540758428059409 0.009806030938228972 0
0 701 0 1
701
-0.00469760532915515 0.00962761511524662 0
0 702 0 1
702
-0.004847446535885984 0.009443276380740669 0
0 703 0 1
703
-0.004990058585099077 0.009253289645169336 0
0 704 0 1
704
-0.005154106349320117 0.009025807386975537 0
0 705 0 1
705
-0.005322343803816629 0.008780721462691826 0
0 706 0 1
706
-0.005491403885118938 0.008521855033640455 0
0 707 0 1
707
-0.005659828744471836 0.00825050977586746 0
0 708 0 1
708
-0.0058268804490677 0.007967006444468334 0
0 709 0 1
709
-0.00599213887613363 0.007671173611679951 0
0 710 0 1
710
-0.006155336911290724 0.007362541959353038 0
0 711 0 1
711
-0.006316279503590451 0.007040435124609911 0
0 712 0 1
712
-0.006578263716387677 0.006468335715276116 0
0 713 0 1
713
-0.006630366784115042 0.006360409684938716 0
0 714 0 1
714
-0.00662999956557494 0.006368526999350417 0
0 715 0 1
715
-0.00662963234703484 0.006376644313762117 0
0 716 0 1
716
-0.006629265128494739 0.006384761628173817 0
0 717 0 1
717
-0.006628897909954638 0.006392878942585518 0
0 718 0 1
718
-0.006628530691414538 0.006400996256997217 0
0 719 0 1
719
-0.006628163472874436 0.006409113571408917 0
0 720 0 1
720
-0.006627796254334336 0.006417230885820616 0
0 721 0 1
721
-0.006627429035794235 0.006425348200232317 0
0 722 0 1
722
-0.006627061817254133 0.006433465514644018 0
0 723 0 1
723
-0.006626694598714033 0.006441582829055717 0
0 724 0 1
724
-0.006626327380173933 0.006449700143467418 0
0 725 0 1
725
-0.006625960161633831 0.006457817457879117 0
0 726 0 1
726
-0.00662559294309373 0.006465934772290817 0
0 727 0 1
727
-0.006625225724553629 0.006474052086702516 0
0 728 0 1
728
-0.006624858506013529 0.006482169401114217 0
0 729 0 1
729
-0.006624491287473427 0.006490286715525917 0
0 730 0 1
730
-0.006624124068933327 0.006498404029937616 0
0 731 0 1
731
-0.006623756850393225 0.006506521344349317 0
0 732 0 1
732
-0.006623389631853125 0.006514638658761016 0
0 733 0 1
733
-0.006623022413313025 0.006522755973172717 0
0 734 0 1
734
-0.006622655194772922 0.006530873287584417 0
0 735 0 1
735
-0.006622287976232822 0.006538990601996116 0
0 736 0 1
736
-0.006621920757692722 0.006547107916407817 0
0 737 0 1
737
-0.00662155353915262 0.006555225230819516 0
0 738 0 1
738
-0.006621186320612519 0.006563342545231217 0
0 739 0 1
739
-0.006620819102072418 0.006571459859642916 0
0 740 0 1
740
-0.006620451883532317 0.006579577174054617 0
0 741 0 1
741
-0.006620084664992218 0.006587694488466316 0
0 742 0 1
742
-0.006619717446452116 0.006595811802878016 0
0 743 0 1
743
-0.006619350227912015 0.006603929117289716 0
0 744 0 1
744
-0.006618983009371913 0.006612046431701416 0
0 745 0 1
745
-0.006618615790831813 0.006620163746113115 0
0 746 0 1
746
-0.006618248572291712 0.006628281060524815 0
0 747 0 1
747
-0.006617881353751611 0.006636398374936516 0
0 748 0 1
748
-0.00661751413521151 0.006644515689348215 0
0 749 0 1
749
-0.006617146916671409 0.006652633003759915 0
0 750 0 1
750
-0.006616779698131309 0.006660750318171617 0
0 751 0 1
751
-0.006616412479591207 0.006668867632583315 0
0 752 0 1
752
-0.006616045261051106 0.006676984946995015 0
0 753 0 1
753
-0.006615678042511007 0.006685102261406715 0
0 754 0 1
754
-0.006615310823970905 0.006693219575818414 0
0 755 0 1
755
-0.006614943605430804 0.006701336890230115 0
0 756 0 1
756
-0.006614576386890703 0.006709454204641817 0
0 757 0 1
757
-0.006614209168350602 0.006717571519053516 0
0 758 0 1
758
-0.006613841949810501 0.006725688833465215 0
0 759 0 1
759
-0.0066134747312704 0.006733806147876915 0
0 760 0 1
760
-0.006613107512730299 0.006741923462288615 0
0 761 0 1
761
-0.006612740294190198 0.006750040776700314 0
0 762 0 1
762
-0.006612373075650097 0.006758158091112015 0
0 763 0 1
763
-0.006612005857109996 0.006766275405523715 0
0 764 0 1
764
-0.006611638638569895 0.006774392719935415 0
0 765 0 1
765
-0.006611271420029796 0.006782510034347115 0
0 766 0 1
766
-0.006610904201489694 0.006790627348758816 0
0 767 0 1
767
-0.006610536982949593 0.006798744663170514 0
0 768 0 1
768
-0.006610169764409492 0.006806861977582214 0
0 769 0 1
769
-0.00660980254586939 0.006814979291993915 0
0 770 0 1
770
-0.006609435327329291 0.006823096606405614 0
0 771 0 1
771
-0.00660906810878919 0.006831213920817314 0
0 772 0 1
772
-0.006608700890249088 0.006839331235229014 0
0 773 0 1
773
-0.006608333671708987 0.006847448549640715 0
0 774 0 1
774
-0.006607966453168886 0.006855565864052414 0
0 775 0 1
775
-0.006607599234628786 0.006863683178464114 0
0 776 0 1
776
-0.006607232016088685 0.006871800492875815 0
0 777 0 1
777
-0.006606864797548584 0.006879917807287514 0
0 778 0 1
778
-0.006606497579008483 0.006888035121699214 0
0 779 0 1
779
-0.006606130360468382 0.006896152436110914 0
0 780 0 1
780
-0.00660576314192828 0.006904269750522614 0
0 781 0 1
781
-0.00660539592338818 0.006912387064934314 0
0 782 0 1
782
-0.00660502870484808 0.006920504379346014 0
0 783 0 1
783
-0.006604661486307979 0.006928621693757714 0
0 784 0 1
784
-0.006604294267767877 0.006936739008169414 0
0 785 0 1
785
-0.006603927049227776 0.006944856322581114 0
0 786 0 1
786
-0.006603559830687676 0.006952973636992813 0
0 787 0 1
787
-0.006603192612147575 0.006961090951404513 0
0 788 0 1
788
-0.006602825393607474 0.006969208265816214 0
0 789 0 1
789
-0.006602458175067372 0.006977325580227915 0
0 790 0 1
790
-0.006602090956527272 0.006985442894639613 0
0 791 0 1
791
-0.006601723737987171 0.006993560209051314 0
0 792 0 1
792
-0.00660135651944707 0.007001677523463014 0
0 793 0 1
793
-0.006600989300906969 0.007009794837874713 0
0 794 0 1
794
-0.006600622082366869 0.007017912152286413 0
0 795 0 1
795
-0.006600254863826767 0.007026029466698114 0
0 796 0 1
796
-0.006599887645286667 0.007034146781109813 0
0 797 0 1
797
-0.006599520426746565 0.007042264095521514 0
0 798 0 1
798
-0.006599153208206465 0.007050381409933213 0
0 799 0 1
799
-0.006598785989666364 0.007058498724344913 0
0 800 0 1
800
-0.006598418771126264 0.007066616038756613 0
0 801 0 1
801
-0.006598051552586162 0.007074733353168313 0
0 802 0 1
802
-0.00659768433404606 0.007082850667580013 0
0 803 0 1
803
-0.00659731711550596 0.007090967981991713 0
0 804 0 1
804
-0.006596949896965859 0.007099085296403413 0
0 805 0 1
805
-0.006596582678425759 0.007107202610815114 0
0 806 0 1
806
-0.006596215459885657 0.007115319925226812 0
0 807 0 1
807
-0.006595848241345556 0.007123437239638513 0
0 808 0 1
808
-0.006595481022805456 0.007131554554050214 0
0 809 0 1
809
-0.006595113804265355 0.007139671868461913 0
0 810 0 1
810
-0.006594746585725253 0.007147789182873613 0
0 811 0 1
811
-0.006594379367185154 0.007155906497285313 0
0 812 0 1
812
-0.006569513730887338 0.007215671064849179 0
0 813 0 1
813
-0.00654464809458952 0.007275435632413047 0
0 814 0 1
814
-0.006519782458291704 0.007335200199976913 0
0 815 0 1
815
-0.006494916821993888 0.00739496476754078 0
0 816 0 1
816
-0.006470051185696072 0.007454729335104647 0
0 817 0 1
817
-0.006445185549398256 0.007514493902668514 0
0 818 0 1
818
-0.006420319913100441 0.00757425847023238 0
0 819 0 1
819
-0.006395454276802624 0.007634023037796248 0
0 820 0 1
820
-0.006370588640504808 0.007693787605360114 0
0 821 0 1
821
-0.006345723004206991 0.007753552172923982 0
0 822 0 1
822
-0.006320857367909175 0.007813316740487849 0
0 823 0 1
823
-0.006295991731611359 0.007873081308051717 0
0 824 0 1
824
-0.006271126095313543 0.007932845875615583 0
0 825 0 1
825
-0.006246260459015727 0.00799261044317945 0
0 826 0 1
826
-0.006221394822717911 0.008052375010743316 0
0 827 0 1
827
-0.006196529186420095 0.008112139578307184 0
0 828 0 1
828
-0.006171663550122278 0.00817190414587105 0
0 829 0 1
829
-0.006146797913824462 0.008231668713434918 0
0 830 0 1
830
-0.006121932277526647 0.008291433280998784 0
0 831 0 1
831
-0.00609706664122883 0.008351197848562652 0
0 832 0 1
832
-0.006072201004931015 0.00841096241612652 0
0 833 0 1
833
-0.006047335368633198 0.008470726983690386 0
0 834 0 1
834
-0.006022469732335382 0.008530491551254253 0
0 835 0 1
835
-0.005997604096037565 0.00859025611881812 0
0 836 0 1
836
-0.00597273845973975 0.008650020686381987 0
0 837 0 1
837
-0.005947872823441933 0.008709785253945855 0
0 838 0 1
838
-0.005923007187144117 0.008769549821509721 0
0 839 0 1
839
-0.005898141550846301 0.008829314389073587 0
0 840 0 1
840
-0.005873275914548485 0.008889078956637455 0
0 841 0 1
841
-0.005848410278250669 0.008948843524201323 0
0 842 0 1
842
-0.005823544641952852 0.009008608091765189 0
0 843 0 1
843
-0.005798679005655036 0.009068372659329055 0
0 844 0 1
844
-0.00577381336935722 0.009128137226892919 0
0 845 0 1
845
-0.005748947733059404 0.009187901794456789 0
0 846 0 1
846
-0.005724082096761588 0.009247666362020656 0
0 847 0 1
847
-0.005699216460463772 0.009307430929584524 0
0 848 0 1
848
-0.005674350824165957 0.00936719549714839 0
0 849 0 1
849
-0.00564948518786814 0.009426960064712258 0
0 850 0 1
850
-0.005624619551570324 0.009486724632276124 0
0 851 0 1
851
-0.005599753915272508 0.009546489199839994 0
0 852 0 1
852
-0.005574888278974692 0.009606253767403858 0
0 853 0 1
853
-0.005550022642676874 0.009666018334967726 0
0 854 0 1
854
-0.005525157006379059 0.009725782902531592 0
0 855 0 1
855
-0.005500291370081243 0.009785547470095461 0
0 856 0 1
856
-0.005475425733783427 0.009845312037659327 0
0 857 0 1
857
-0.005450560097485611 0.009905076605223193 0
0 858 0 1
858
-0.005425694461187794 0.009964841172787059 0
0 859 0 1
859
-0.005400828824889978 0.01002460574035093 0
0 860 0 1
860
-0.005375963188592162 0.0100843703079148 0
0 861 0 1
861
-0.005351097552294346 0.01014413487547866 0
0 862 0 1
862
-0.005326231915996529 0.01020389944304253 0
0 863 0 1
863
-0.005301366279698714 0.01026366401060639 0
0 864 0 1
864
-0.005276500643400898 0.01032342857817026 0
0 865 0 1
865
-0.005251635007103081 0.01038319314573413 0
0 866 0 1
866
-0.005226769370805265 0.010442957713298 0
0 867 0 1
867
-0.005201903734507449 0.01050272228086186 0
0 868 0 1
868
-0.005177038098209633 0.01056248684842573 0
0 869 0 1
869
-0.005152172461911816 0.0106222514159896 0
0 870 0 1
870
-0.005127306825614002 0.01068201598355346 0
0 871 0 1
871
-0.005102441189316185 0.01074178055111733 0
0 872 0 1
872
-0.00507757555301837 0.0108015451186812 0
0 873 0 1
873
-0.005052709916720553 0.01086130968624507 0
0 874 0 1
874
-0.005027844280422736 0.01092107425380893 0
0 875 0 1
875
-0.00500297864412492 0.0109808388213728 0
0 876 0 1
876
-0.004978113007827104 0.01104060338893667 0
0 877 0 1
877
-0.004953247371529288 0.01110036795650053 0
0 878 0 1
878
-0.004928381735231471 0.0111601325240644 0
0 879 0 1
879
-0.004903516098933656 0.01121989709162827 0
0 880 0 1
880
-0.004878650462635839 0.01127966165919213 0
0 881 0 1
881
-0.004853784826338023 0.011339426226756 0
0 882 0 1
882
-0.004828919190040207 0.01139919079431987 0
0 883 0 1
883
-0.004804053553742391 0.01145895536188374 0
0 884 0 1
884
-0.004779187917444575 0.0115187199294476 0
0 885 0 1
885
-0.004754322281146758 0.01157848449701147 0
0 886 0 1
886
-0.004729456644848942 0.01163824906457534 0
0 887 0 1
887
-0.004704591008551126 0.0116980136321392 0
0 888 0 1
888
-0.004679725372253311 0.01175777819970307 0
0 889 0 1
889
-0.004654859735955494 0.01181754276726694 0
0 890 0 1
890
-0.00462999409965768 0.0118773073348308 0
0 891 0 1
891
-0.004605128463359863 0.01193707190239467 0
0 892 0 1
892
-0.004580262827062047 0.01199683646995854 0
0 893 0 1
893
-0.004555397190764229 0.0120566010375224 0
0 894 0 1
894
-0.004530531554466413 0.01211636560508627 0
0 895 0 1
895
-0.004505665918168597 0.01217613017265014 0
0 896 0 1
896
-0.004480800281870781 0.01223589474021401 0
0 897 0 1
897
-0.004455934645572965 0.01229565930777787 0
0 898 0 1
898
-0.004431069009275149 0.01235542387534174 0
0 899 0 1
899
-0.004406203372977333 0.01241518844290561 0
0 900 0 1
900
-0.004381337736679517 0.01247495301046947 0
0 901 0 1
901
-0.0043564721003817 0.01253471757803334 0
0 902 0 1
902
-0.004331606464083884 0.01259448214559721 0
0 903 0 1
903
-0.004306740827786068 0.01265424671316108 0
0 904 0 1
904
-0.004281875191488252 0.01271401128072494 0
0 905 0 1
905
-0.004257009555190435 0.01277377584828881 0
0 906 0 1
906
-0.004232143918892621 0.01283354041585267 0
0 907 0 1
907
-0.004207278282594804 0.01289330498341654 0
0 908 0 1
908
-0.004182412646296988 0.01295306955098041 0
0 909 0 1
909
-0.004157547009999171 0.01301283411854428 0
0 910 0 1
910
-0.004132681373701356 0.01307259868610814 0
0 911 0 1
911
-0.004125031988748429 0.0130908190393081 0
0 912 0 1
912
-0.00411731049490815 0.01310904717365612 0
0 913 0 1
913
-0.004109516873188783 0.01312728255772028 0
0 914 0 1
914
-0.004101651094991234 0.01314552469074998 0
0 915 0 1
915
-0.004093713122177217 0.01316377310146762 0
0 916 0 1
916
-0.004085702907129628 0.01318202734692401 0
0 917 0 1
917
-0.004077620392805538 0.01320028701141324 0
0 918 0 1
918
-0.004069465512782086 0.01321855170544386 0
0 919 0 1
919
-0.00406123819129567 0.01323682106476263 0
0 920 0 1
920
-0.004052938343274606 0.01325509474942809 0
0 921 0 1
921
-0.004044565874365661 0.01327337244293084 0
0 922 0 1
922
-0.004036120680954597 0.01329165385135789 0
0 923 0 1
923
-0.004027602650181035 0.01330993870259857 0
0 924 0 1
924
-0.004019011659947801 0.01332822674558968 0
0 925 0 1
925
-0.004010347578924984 0.01334651774959761 0
0 926 0 1
926
-0.004001610266548893 0.01336481150353544 0
0 927 0 1
927
-0.003992799573016054 0.01338310781531305 0
0 928 0 1
928
-0.003983915339272421 0.01340140651121847 0
0 929 0 1
929
-0.003974957396997989 0.01341970743532879 0
0 930 0 1
930
-0.003965925555569719 0.0134380104753282 0
0 931 0 1
931
-0.003956819743729609 0.01345631527629168 0
0 932 0 1
932
-0.003947639573404072 0.01347462211822032 0
0 933 0 1
933
-0.003938384928144407 0.01349293073172596 0
0 934 0 1
934
-0.003929055592916346 0.01351124104192224 0
0 935 0 1
935
-0.003919651343236711 0.0135295529887154 0
0 936 0 1
936
-0.0039101719451288 0.01354786652638272 0
0 937 0 1
937
-0.003900617142917113 0.01356618164647307 0
0 938 0 1
938
-0.003890986801292005 0.01358449810639904 0
0 939 0 1
939
-0.003881280458776361 0.01360281627934242 0
0 940 0 1
940
-0.003871497935967209 0.01362113599620723 0
0 941 0 1
941
-0.003861638950620527 0.01363945727744359 0
0 942 0 1
942
-0.003851703210653477 0.01365778015571608 0
0 943 0 1
943
-0.003841690402696556 0.01367610469642132 0
0 944 0 1
944
-0.003831600334135633 0.01369443073864903 0
0 945 0 1
945
-0.003821432478755082 0.01371275872093957 0
0 946 0 1
946
-0.003811186600585296 0.01373108854716975 0
0 947 0 1
947
-0.003800862357231749 0.01374942030676179 0
0 948 0 1
948
-0.003790459385282502 0.01376775411858433 0
0 949 0 1
949
-0.003779977442189095 0.0137860898818133 0
0 950 0 1
950
-0.003769415945757904 0.01380442808194676 0
0 951 0 1
951
-0.003758774610553238 0.01382276867661061 0
0 952 0 1
952
-0.003748053031531494 0.01384111182327192 0
0 953 0 1
953
-0.003737250924589572 0.01385945746479746 0
0 954 0 1
954
-0.003726367660908136 0.01387780612069867 0
0 955 0 1
955
-0.003715402913760825 0.0138961577877472 0
0 956 0 1
956
-0.003704356234843583 0.01391451265892843 0
0 957 0 1
957
-0.003693227296633563 0.01393287071791858 0
0 958 0 1
958
-0.003682015422180005 0.01395123251507442 0
0 959 0 1
959
-0.003670720232354656 0.01396959809870479 0
0 960 0 1
960
-0.003659341366031357 0.01398796748098942 0
0 961 0 1
961
-0.00364787810849492 0.0140063412345303 0
0 962 0 1
962
-0.003636330047510302 0.01402471943225117 0
0 963 0 1
963
-0.003624696787098216 0.01404310211366843 0
0 964 0 1
964
-0.003612977573706472 0.01406148987229576 0
0 965 0 1
965
-0.003601171969039425 0.01407988279170788 0
0 966 0 1
966
-0.003589279408088823 0.01409828114342625 0
0 967 0 1
967
-0.00357729944588699 0.01411668500249939 0
0 968 0 1
968
-0.003565231276022179 0.01413509498736709 0
0 969 0 1
969
-0.003553074403587164 0.01415351122520397 0
0 970 0 1
970
-0.003540828345490129 0.01417193381621251 0
0 971 0 1
971
-0.003528492246240732 0.01419036340826529 0
0 972 0 1
972
-0.003516065706246213 0.01420879995278644 0
0 973 0 1
973
-0.003503547848067848 0.01422724409953819 0
0 974 0 1
974
-0.003490938113442807 0.01424569601107213 0
0 975 0 1
975
-0.00347823595265189 0.01426415582731509 0
0 976 0 1
976
-0.003465440444175833 0.01428262421504005 0
0 977 0 1
977
-0.003452550989367253 0.0143011013575664 0
0 978 0 1
978
-0.00343956699601076 0.01431958741823689 0
0 979 0 1
979
-0.003426487496942551 0.0143380830801437 0
0 980 0 1
980
-0.003413311851378077 0.01435658854690008 0
0 981 0 1
981
-0.003400039422778085 0.01437510400476553 0
0 982 0 1
982
-0.003386669191111119 0.01439363016024033 0
0 983 0 1
983
-0.00337320060441453 0.014412167053927 0
0 984 0 1
984
-0.003359632614881931 0.01443071539591386 0
0 985 0 1
985
-0.003345964507682932 0.01444927542226588 0
0 986 0 1
986
-0.003332195568473825 0.01446784735593835 0
0 987 0 1
987
-0.003318324694421296 0.01448643192813986 0
0 988 0 1
988
-0.003304351255925425 0.01450502921777447 0
0 989 0 1
989
-0.003290274115031043 0.01452363996625631 0
0 990 0 1
990
-0.003276092609860191 0.01454226426696328 0
0 991 0 1
991
-0.003261805570348633 0.01456090286620746 0
0 992 0 1
992
-0.003247412168578089 0.01457955604384222 0
0 993 0 1
993
-0.003232911571479776 0.01459822407243022 0
0 994 0 1
994
-0.003218302550431143 0.01461690771655648 0
0 995 0 1
995
-0.003203584357003543 0.01463560710707229 0
0 996 0 1
996
-0.00318875572406443 0.01465432301823684 0
0 997 0 1
997
-0.003173815867118303 0.01467305559513691 0
0 998 0 1
998
-0.003158763482028045 0.01469180561838617 0
0 999 0 1
999
-0.003143597615099141 0.01471057341060843 0
0 1000 0 1
1000
-0.003128317301340146 0.01472935929284954 0
0 1001 0 1
1001
-0.003112921173880827 0.01474816406147796 0
0 1002 0 1
1002
-0.003097408351563148 0.01476698789856205 0
0 1003 0 1
1003
-0.003081777425110009 0.01478583160977786 0
0 1004 0 1
1004
-0.00306602747299901 0.0148046953913042 0
0 1005 0 1
1005
-0.00305015704232886 0.01482358005804052 0
0 1006 0 1
1006
-0.003034165169884555 0.01484248582025935 0
0 1007 0 1
1007
-0.003018050357875068 0.01486141350200826 0
0 1008 0 1
1008
-0.003001811600016063 0.01488036332764211 0
0 1009 0 1
1009
-0.002968948952155238 0.01491832554041736 0
0 1010 0 1
1010
-0.002877117600802931 0.01502044849345517 0
0 1011 0 1
1011
-0.002781775463776844 0.01511930177633265 0
0 1012 0 1
1012
-0.00268303888175373 0.01521476476391814 0
0 1013 0 1
1013
-0.002581028337461702 0.01530672096806771 0
0 1014 0 1
1014
-0.002475868308661896 0.01539505817976912 0
0 1015 0 1
1015
-0.002367687116255225 0.01547966860606415 0
0 1016 0 1
1016
-0.002256616767699559 0.01556044900158235 0
0 1017 0 1
1017
-0.002142792795928407 0.01563730079452562 0
0 1018 0 1
1018
-0.002026354093967662 0.0157101302069498 0
0 1019 0 1
1019
-0.001907442745452213 0.0157788483691967 0
0 1020 0 1
1020
-0.001786203851249223 0.01584337142833676 0
0 1021 0 1
1021
-0.001662785352399672 0.01590362065049006 0
0 1022 0 1
1022
-0.001537337849594166 0.01595952251690092 0
0 1023 0 1
1023
-0.001410014419403344 0.01601100881364868 0
0 1024 0 1
1024
-0.001280970427487106 0.01605801671488535 0
0 1025 0 1
1025
-0.001150363339010581 0.01610048885949849 0
0 1026 0 1
1026
-0.001018352526498196 0.01613837342110576 0
0 1027 0 1
1027
-0.000885099075360302 0.01617162417129573 0
0 1028 0 1
1028
-0.000750765587329657 0.01620020053603786 0
0 1029 0 1
1029
-0.0006155159820476252 0.0162240676451927 0
0 1030 0 1
1030
-0.0004795152970422083 0.016243196375062 0
0 1031 0 1
1031
-0.0003429294863419836 0.01625756338392666 0
0 1032 0 1
1032
-0.0002059252179716832 0.0162671511405294 0
0 1033 0 1
1033
-6.86696705765269e-05 0.01627194794546715 0
0 1034 0 1
1034
6.86696705765264e-05 0.01627194794546715 0
0 1035 0 1
1035
0.0002059252179716827 0.0162671511405294 0
0 1036 0 1
1036
0.0003429294863419832 0.01625756338392666 0
0 1037 0 1
1037
0.0004795152970422083 0.016243196375062 0
0 1038 0 1
1038
0.0006155159820476243 0.0162240676451927 0
0 1039 0 1
1039
0.0007507655873296566 0.01620020053603786 0
0 1040 0 1
1040
0.0008850990753603012 0.01617162417129573 0
0 1041 0 1
1041
0.001018352526498195 0.01613837342110576 0
0 1042 0 1
1042
0.001150363339010581 0.01610048885949849 0
0 1043 0 1
1043
0.001280970427487106 0.01605801671488535 0
0 1044 0 1
1044
0.001410014419403344 0.01601100881364868 0
0 1045 0 1
1045
0.001537337849594165 0.01595952251690092 0
0 1046 0 1
1046
0.001662785352399672 0.01590362065049006 0
0 1047 0 1
1047
0.001786203851249223 0.01584337142833676 0
0 1048 0 1
1048
0.001907442745452212 0.0157788483691967 0
0 1049 0 1
1049
0.002026354093967662 0.0157101302069498 0
0 1050 0 1
1050
0.002142792795928406 0.01563730079452562 0
0 1051 0 1
1051
0.002256616767699559 0.01556044900158235 0
0 1052 0 1
1052
0.002367687116255225 0.01547966860606415 0
0 1053 0 1
1053
0.002475868308661896 0.01539505817976912 0
0 1054 0 1
1054
0.002581028337461702 0.01530672096806772 0
0 1055 0 1
1055
0.00268303888175373 0.01521476476391814 0
0 1056 0 1
1056
0.002781775463776844 0.01511930177633265 0
0 1057 0 1
1057
0.002877117600802931 0.01502044849345517 0
0 1058 0 1
1058
0.002968948952155238 0.01491832554041736 0
0 1059 0 1
1059
0.002985447352311301 0.01489933613028946 0
0 1060 0 1
1060
0.003001811600016063 0.01488036332764211 0
0 1061 0 1
1061
0.003018050357875068 0.01486141350200826 0
0 1062 0 1
1062
0.003034165169884555 0.01484248582025935 0
0 1063 0 1
1063
0.00305015704232886 0.01482358005804052 0
0 1064 0 1
1064
0.00306602747299901 0.0148046953913042 0
0 1065 0 1
1065
0.003081777425110009 0.01478583160977786 0
0 1066 0 1
1066
0.003097408351563148 0.01476698789856205 0
0 1067 0 1
1067
0.003112921173880827 0.01474816406147796 0
0 1068 0 1
1068
0.003128317301340146 0.01472935929284954 0
0 1069 0 1
1069
0.003143597615099141 0.01471057341060843 0
0 1070 0 1
1070
0.003158763482028045 0.01469180561838617 0
0 1071 0 1
1071
0.003173815867118303 0.01467305559513691 0
0 1072 0 1
1072
0.00318875572406443 0.01465432301823684 0
0 1073 0 1
1073
0.003203584357003543 0.01463560710707229 0
0 1074 0 1
1074
0.003218302550431143 0.01461690771655648 0
0 1075 0 1
1075
0.003232911571479776 0.01459822407243022 0
0 1076 0 1
1076
0.003247412168578089 0.01457955604384222 0
0 1077 0 1
1077
0.003261805570348633 0.01456090286620746 0
0 1078 0 1
1078
0.003276092609860191 0.01454226426696328 0
0 1079 0 1
1079
0.003290274115031043 0.01452363996625631 0
0 1080 0 1
1080
0.003304351255925425 0.01450502921777447 0
0 1081 0 1
1081
0.003318324694421296 0.01448643192813986 0
0 1082 0 1
1082
0.003332195568473825 0.01446784735593835 0
0 1083 0 1
1083
0.003345964507682932 0.01444927542226588 0
0 1084 0 1
1084
0.003359632614881931 0.01443071539591386 0
0 1085 0 1
1085
0.00337320060441453 0.014412167053927 0
0 1086 0 1
1086
0.003386669191111119 0.01439363016024033 0
0 1087 0 1
1087
0.003400039422778085 0.01437510400476553 0
0 1088 0 1
1088
0.003413311851378077 0.01435658854690008 0
0 1089 0 1
1089
0.003426487496942551 0.0143380830801437 0
0 1090 0 1
1090
0.00343956699601076 0.01431958741823689 0
0 1091 0 1
1091
0.003452550989367253 0.0143011013575664 0
0 1092 0 1
1092
0.003465440444175833 0.01428262421504005 0
0 1093 0 1
1093
0.00347823595265189 0.01426415582731509 0
0 1094 0 1
1094
0.003490938113442807 0.01424569601107213 0
0 1095 0 1
1095
0.003503547848067848 0.01422724409953819 0
0 1096 0 1
1096
0.003516065706246213 0.01420879995278644 0
0 1097 0 1
1097
0.003528492246240732 0.01419036340826529 0
0 1098 0 1
1098
0.003540828345490129 0.01417193381621251 0
0 1099 0 1
1099
0.003553074403587164 0.01415351122520397 0
0 1100 0 1
1100
0.003565231276022179 0.01413509498736709 0
0 1101 0 1
1101
0.00357729944588699 0.01411668500249939 0
0 1102 0 1
1102
0.003589279408088823 0.01409828114342625 0
0 1103 0 1
1103
0.003601171969039425 0.01407988279170788 0
0 1104 0 1
1104
0.003612977573706472 0.01406148987229576 0
0 1105 0 1
1105
0.003624696787098216 0.01404310211366843 0
0 1106 0 1
1106
0.003636330047510302 0.01402471943225117 0
0 1107 0 1
1107
0.00364787810849492 0.0140063412345303 0
0 1108 0 1
1108
0.003659341366031357 0.01398796748098942 0
0 1109 0 1
1109
0.003670720232354656 0.01396959809870479 0
0 1110 0 1
1110
0.003682015422180005 0.01395123251507442 0
0 1111 0 1
1111
0.003693227296633563 0.01393287071791858 0
0 1112 0 1
1112
0.003704356234843583 0.01391451265892843 0
0 1113 0 1
1113
0.003715402913760825 0.0138961577877472 0
0 1114 0 1
1114
0.003726367660908136 0.01387780612069867 0
0 1115 0 1
1115
0.003737250924589572 0.01385945746479746 0
0 1116 0 1
1116
0.003748053031531494 0.01384111182327192 0
0 1117 0 1
1117
0.003758774610553238 0.01382276867661061 0
0 1118 0 1
1118
0.003769415945757904 0.01380442808194676 0
0 1119 0 1
1119
0.003779977442189095 0.0137860898818133 0
0 1120 0 1
1120
0.003790459385282502 0.01376775411858433 0
0 1121 0 1
1121
0.003800862357231749 0.01374942030676179 0
0 1122 0 1
1122
0.003811186600585296 0.01373108854716975 0
0 1123 0 1
1123
0.003821432478755082 0.01371275872093957 0
0 1124 0 1
1124
0.003831600334135633 0.01369443073864903 0
0 1125 0 1
1125
0.003841690402696556 0.01367610469642132 0
0 1126 0 1
1126
0.003851703210653477 0.01365778015571608 0
0 1127 0 1
1127
0.003861638950620527 0.01363945727744359 0
0 1128 0 1
1128
0.003871497935967209 0.01362113599620723 0
0 1129 0 1
1129
0.003881280458776361 0.01360281627934242 0
0 1130 0 1
1130
0.003890986801292005 0.01358449810639904 0
0 1131 0 1
1131
0.003900617142917113 0.01356618164647307 0
0 1132 0 1
1132
0.0039101719451288 0.01354786652638272 0
0 1133 0 1
1133
0.003919651343236711 0.0135295529887154 0
0 1134 0 1
1134
0.003929055592916346 0.01351124104192224 0
0 1135 0 1
1135
0.003938384928144407 0.01349293073172596 0
0 1136 0 1
1136
0.003947639573404072 0.01347462211822032 0
0 1137 0 1
1137
0.003956819743729609 0.01345631527629168 0
0 1138 0 1
1138
0.003965925555569719 0.0134380104753282 0
0 1139 0 1
1139
0.003974957396997989 0.01341970743532879 0
0 1140 0 1
1140
0.003983915339272421 0.01340140651121847 0
0 1141 0 1
1141
0.003992799573016054 0.01338310781531305 0
0 1142 0 1
1142
0.004001610266548893 0.01336481150353544 0
0 1143 0 1
1143
0.004010347578924984 0.01334651774959761 0
0 1144 0 1
1144
0.004019011659947801 0.01332822674558968 0
0 1145 0 1
1145
0.004027602650181035 0.01330993870259857 0
0 1146 0 1
1146
0.004036120680954597 0.01329165385135789 0
0 1147 0 1
1147
0.004044565874365661 0.01327337244293084 0
0 1148 0 1
1148
0.004052938343274606 0.01325509474942809 0
0 1149 0 1
1149
0.00406123819129567 0.01323682106476263 0
0 1150 0 1
1150
0.004069465512782086 0.01321855170544386 0
0 1151 0 1
1151
0.004077620392805538 0.01320028701141324 0
0 1152 0 1
1152
0.004085702907129628 0.01318202734692401 0
0 1153 0 1
1153
0.004093713122177217 0.01316377310146762 0
0 1154 0 1
1154
0.004101651094991234 0.01314552469074998 0
0 1155 0 1
1155
0.004109516873188783 0.01312728255772028 0
0 1156 0 1
1156
0.00411731049490815 0.01310904717365612 0
0 1157 0 1
1157
0.004125031988748429 0.0130908190393081 0
0 1158 0 1
1158
0.004132681373701356 0.01307259868610814 0
0 1159 0 1
1159
0.004157547009999171 0.01301283411854428 0
0 1160 0 1
1160
0.004182412646296988 0.01295306955098041 0
0 1161 0 1
1161
0.004207278282594804 0.01289330498341654 0
0 1162 0 1
1162
0.004232143918892621 0.01283354041585267 0
0 1163 0 1
1163
0.004257009555190435 0.01277377584828881 0
0 1164 0 1
1164
0.004281875191488252 0.01271401128072494 0
0 1165 0 1
1165
0.004306740827786068 0.01265424671316108 0
0 1166 0 1
1166
0.004331606464083884 0.01259448214559721 0
0 1167 0 1
1167
0.0043564721003817 0.01253471757803334 0
0 1168 0 1
1168
0.004381337736679517 0.01247495301046947 0
0 1169 0 1
1169
0.004406203372977333 0.01241518844290561 0
0 1170 0 1
1170
0.004431069009275149 0.01235542387534174 0
0 1171 0 1
1171
0.004455934645572965 0.01229565930777787 0
0 1172 0 1
1172
0.004480800281870781 0.01223589474021401 0
0 1173 0 1
1173
0.004505665918168597 0.01217613017265014 0
0 1174 0 1
1174
0.004530531554466413 0.01211636560508627 0
0 1175 0 1
1175
0.004555397190764229 0.0120566010375224 0
0 1176 0 1
1176
0.004580262827062047 0.01199683646995854 0
0 1177 0 1
1177
0.004605128463359863 0.01193707190239467 0
0 1178 0 1
1178
0.00462999409965768 0.0118773073348308 0
0 1179 0 1
1179
0.004654859735955494 0.01181754276726694 0
0 1180 0 1
1180
0.004679725372253311 0.01175777819970307 0
0 1181 0 1
1181
0.004704591008551126 0.0116980136321392 0
0 1182 0 1
1182
0.004729456644848942 0.01163824906457534 0
0 1183 0 1
1183
0.004754322281146758 0.01157848449701147 0
0 1184 0 1
1184
0.004779187917444575 0.0115187199294476 0
0 1185 0 1
1185
0.004804053553742391 0.01145895536188374 0
0 1186 0 1
1186
0.004828919190040207 0.01139919079431987 0
0 1187 0 1
1187
0.004853784826338023 0.011339426226756 0
0 1188 0 1
1188
0.004878650462635839 0.01127966165919213 0
0 1189 0 1
1189
0.004903516098933656 0.01121989709162827 0
0 1190 0 1
1190
0.004928381735231471 0.0111601325240644 0
0 1191 0 1
1191
0.004953247371529288 0.01110036795650053 0
0 1192 0 1
1192
0.004978113007827104 0.01104060338893667 0
0 1193 0 1
1193
0.00500297864412492 0.0109808388213728 0
0 1194 0 1
1194
0.005027844280422736 0.01092107425380893 0
0 1195 0 1
1195
0.005052709916720553 0.01086130968624507 0
0 1196 0 1
1196
0.00507757555301837 0.0108015451186812 0
0 1197 0 1
1197
0.005102441189316185 0.01074178055111733 0
0 1198 0 1
1198
0.005127306825614002 0.01068201598355346 0
0 1199 0 1
1199
0.005152172461911816 0.0106222514159896 0
0 1200 0 1
1200
0.005177038098209633 0.01056248684842573 0
0 1201 0 1
1201
0.005201903734507449 0.01050272228086186 0
0 1202 0 1
1202
0.005226769370805265 0.010442957713298 0
0 1203 0 1
1203
0.005251635007103081 0.01038319314573413 0
0 1204 0 1
1204
0.005276500643400898 0.01032342857817026 0
0 1205 0 1
1205
0.005301366279698714 0.01026366401060639 0
0 1206 0 1
1206
0.005326231915996529 0.01020389944304253 0
0 1207 0 1
1207
0.005351097552294346 0.01014413487547866 0
0 1208 0 1
1208
0.005375963188592162 0.0100843703079148 0
0 1209 0 1
1209
0.005400828824889978 0.01002460574035093 0
0 1210 0 1
1210
0.005425694461187794 0.009964841172787059 0
0 1211 0 1
1211
0.005450560097485611 0.009905076605223193 0
0 1212 0 1
1212
0.005475425733783427 0.009845312037659327 0
0 1213 0 1
1213
0.005500291370081243 0.009785547470095461 0
0 1214 0 1
1214
0.005525157006379059 0.009725782902531592 0
0 1215 0 1
1215
0.005550022642676874 0.009666018334967726 0
0 1216 0 1
1216
0.005574888278974692 0.009606253767403858 0
0 1217 0 1
1217
0.005599753915272508 0.009546489199839994 0
0 1218 0 1
1218
0.005624619551570324 0.009486724632276124 0
0 1219 0 1
1219
0.00564948518786814 0.009426960064712258 0
0 1220 0 1
1220
0.005674350824165957 0.00936719549714839 0
0 1221 0 1
1221
0.005699216460463772 0.009307430929584524 0
0 1222 0 1
1222
0.005724082096761588 0.009247666362020656 0
0 1223 0 1
1223
0.005748947733059404 0.009187901794456789 0
0 1224 0 1
1224
0.00577381336935722 0.009128137226892919 0
0 1225 0 1
1225
0.005798679005655036 0.009068372659329055 0
0 1226 0 1
1226
0.005823544641952852 0.009008608091765189 0
0 1227 0 1
1227
0.005848410278250669 0.008948843524201323 0
0 1228 0 1
1228
0.005873275914548485 0.008889078956637455 0
0 1229 0 1
1229
0.005898141550846301 0.008829314389073587 0
0 1230 0 1
1230
0.005923007187144117 0.008769549821509721 0
0 1231 0 1
1231
0.005947872823441933 0.008709785253945855 0
0 1232 0 1
1232
0.00597273845973975 0.008650020686381987 0
0 1233 0 1
1233
0.005997604096037565 0.00859025611881812 0
0 1234 0 1
1234
0.006022469732335382 0.008530491551254253 0
0 1235 0 1
1235
0.006047335368633198 0.008470726983690386 0
0 1236 0 1
1236
0.006072201004931015 0.00841096241612652 0
0 1237 0 1
1237
0.00609706664122883 0.008351197848562652 0
0 1238 0 1
1238
0.006121932277526647 0.008291433280998784 0
0 1239 0 1
1239
0.006146797913824462 0.008231668713434918 0
0 1240 0 1
1240
0.006171663550122278 0.00817190414587105 0
0 1241 0 1
1241
0.006196529186420095 0.008112139578307184 0
0 1242 0 1
1242
0.006221394822717911 0.008052375010743316 0
0 1243 0 1
1243
0.006246260459015727 0.00799261044317945 0
0 1244 0 1
1244
0.006271126095313543 0.007932845875615583 0
0 1245 0 1
1245
0.006295991731611359 0.007873081308051717 0
0 1246 0 1
1246
0.006320857367909175 0.007813316740487849 0
0 1247 0 1
1247
0.006345723004206991 0.007753552172923982 0
0 1248 0 1
1248
0.006370588640504808 0.007693787605360114 0
0 1249 0 1
1249
0.006395454276802624 0.007634023037796248 0
0 1250 0 1
1250
0.006420319913100441 0.00757425847023238 0
0 1251 0 1
1251
0.006445185549398256 0.007514493902668514 0
0 1252 0 1
1252
0.006470051185696072 0.007454729335104647 0
0 1253 0 1
1253
0.006494916821993888 0.00739496476754078 0
0 1254 0 1
1254
0.006519782458291704 0.007335200199976913 0
0 1255 0 1
1255
0.00654464809458952 0.007275435632413047 0
0 1256 0 1
1256
0.006569513730887338 0.007215671064849179 0
0 1257 0 1
1257
0.006594379367185154 0.007155906497285313 0
0 1258 0 1
1258
0.006594746585725253 0.007147789182873613 0
0 1259 0 1
1259
0.006595113804265355 0.007139671868461913 0
0 1260 0 1
1260
0.006595481022805456 0.007131554554050214 0
0 1261 0 1
1261
0.006595848241345556 0.007123437239638513 0
0 1262 0 1
1262
0.006596215459885657 0.007115319925226812 0
0 1263 0 1
1263
0.006596582678425759 0.007107202610815114 0
0 1264 0 1
1264
0.006596949896965859 0.007099085296403413 0
0 1265 0 1
1265
0.00659731711550596 0.007090967981991713 0
0 1266 0 1
1266
0.00659768433404606 0.007082850667580013 0
0 1267 0 1
1267
0.006598051552586162 0.007074733353168313 0
0 1268 0 1
1268
0.006598418771126264 0.007066616038756613 0
0 1269 0 1
1269
0.006598785989666364 0.007058498724344913 0
0 1270 0 1
1270
0.006599153208206465 0.007050381409933213 0
0 1271 0 1
1271
0.006599520426746565 0.007042264095521514 0
0 1272 0 1
1272
0.006599887645286667 0.007034146781109813 0
0 1273 0 1
1273
0.006600254863826767 0.007026029466698114 0
0 1274 0 1
1274
0.006600622082366869 0.007017912152286413 0
0 1275 0 1
1275
0.006600989300906969 0.007009794837874713 0
0 1276 0 1
1276
0.00660135651944707 0.007001677523463014 0
0 1277 0 1
1277
0.006601723737987171 0.006993560209051314 0
0 1278 0 1
1278
0.006602090956527272 0.006985442894639613 0
0 1279 0 1
1279
0.006602458175067372 0.006977325580227915 0
0 1280 0 1
1280
0.006602825393607474 0.006969208265816214 0
0 1281 0 1
1281
0.006603192612147575 0.006961090951404513 0
0 1282 0 1
1282
0.006603559830687676 0.006952973636992813 0
0 1283 0 1
1283
0.006603927049227776 0.006944856322581114 0
0 1284 0 1
1284
0.006604294267767877 0.006936739008169414 0
0 1285 0 1
1285
0.006604661486307979 0.006928621693757714 0
0 1286 0 1
1286
0.00660502870484808 0.006920504379346014 0
0 1287 0 1
1287
0.00660539592338818 0.006912387064934314 0
0 1288 0 1
1288
0.00660576314192828 0.006904269750522614 0
0 1289 0 1
1289
0.006606130360468382 0.006896152436110914 0
0 1290 0 1
1290
0.006606497579008483 0.006888035121699214 0
0 1291 0 1
1291
0.006606864797548584 0.006879917807287514 0
0 1292 0 1
1292
0.006607232016088685 0.006871800492875815 0
0 1293 0 1
1293
0.006607599234628786 0.006863683178464114 0
0 1294 0 1
1294
0.006607966453168886 0.006855565864052414 0
0 1295 0 1
1295
0.006608333671708987 0.006847448549640715 0
0 1296 0 1
1296
0.006608700890249088 0.006839331235229014 0
0 1297 0 1
1297
0.00660906810878919 0.006831213920817314 0
0 1298 0 1
1298
0.006609435327329291 0.006823096606405614 0
0 1299 0 1
1299
0.00660980254586939 0.006814979291993915 0
0 1300 0 1
1300
0.006610169764409492 0.006806861977582214 0
0 1301 0 1
1301
0.006610536982949593 0.006798744663170514 0
0 1302 0 1
1302
0.006610904201489694 0.006790627348758816 0
0 1303 0 1
1303
0.006611271420029796 0.006782510034347115 0
0 1304 0 1
1304
0.006611638638569895 0.006774392719935415 0
0 1305 0 1
1305
0.006612005857109996 0.006766275405523715 0
0 1306 0 1
1306
0.006612373075650097 0.006758158091112015 0
0 1307 0 1
1307
0.006612740294190198 0.006750040776700314 0
0 1308 0 1
1308
0.006613107512730299 0.006741923462288615 0
0 1309 0 1
1309
0.0066134747312704 0.006733806147876915 0
0 1310 0 1
1310
0.006613841949810501 0.006725688833465215 0
0 1311 0 1
1311
0.006614209168350602 0.006717571519053516 0
0 1312 0 1
1312
0.006614576386890703 0.006709454204641817 0
0 1313 0 1
1313
0.006614943605430804 0.006701336890230115 0
0 1314 0 1
1314
0.006615310823970905 0.006693219575818414 0
0 1315 0 1
1315
0.006615678042511007 0.006685102261406715 0
0 1316 0 1
1316
0.006616045261051106 0.006676984946995015 0
0 1317 0 1
1317
0.006616412479591207 0.006668867632583315 0
0 1318 0 1
1318
0.006616779698131309 0.006660750318171617 0
0 1319 0 1
1319
0.006617146916671409 0.006652633003759915 0
0 1320 0 1
1320
0.00661751413521151 0.006644515689348215 0
0 1321 0 1
1321
0.006617881353751611 0.006636398374936516 0
0 1322 0 1
1322
0.006618248572291712 0.006628281060524815 0
0 1323 0 1
1323
0.006618615790831813 0.006620163746113115 0
0 1324 0 1
1324
0.006618983009371913 0.006612046431701416 0
0 1325 0 1
1325
0.006619350227912015 0.006603929117289716 0
0 1326 0 1
1326
0.006619717446452116 0.006595811802878016 0
0 1327 0 1
1327
0.006620084664992218 0.006587694488466316 0
0 1328 0 1
1328
0.006620451883532317 0.006579577174054617 0
0 1329 0 1
1329
0.006620819102072418 0.006571459859642916 0
0 1330 0 1
1330
0.006621186320612519 0.006563342545231217 0
0 1331 0 1
1331
0.00662155353915262 0.006555225230819516 0
0 1332 0 1
1332
0.006621920757692722 0.006547107916407817 0
0 1333 0 1
1333
0.006622287976232822 0.006538990601996116 0
0 1334 0 1
1334
0.006622655194772922 0.006530873287584417 0
0 1335 0 1
1335
0.006623022413313025 0.006522755973172717 0
0 1336 0 1
1336
0.006623389631853125 0.006514638658761016 0
0 1337 0 1
1337
0.006623756850393225 0.006506521344349317 0
0 1338 0 1
1338
0.006624124068933327 0.006498404029937616 0
0 1339 0 1
1339
0.006624491287473427 0.006490286715525917 0
0 1340 0 1
1340
0.006624858506013529 0.006482169401114217 0
0 1341 0 1
1341
0.006625225724553629 0.006474052086702516 0
0 1342 0 1
1342
0.00662559294309373 0.006465934772290817 0
0 1343 0 1
1343
0.006625960161633831 0.006457817457879117 0
0 1344 0 1
1344
0.006626327380173933 0.006449700143467418 0
0 1345 0 1
1345
0.006626694598714033 0.006441582829055717 0
0 1346 0 1
1346
0.006627061817254133 0.006433465514644018 0
0 1347 0 1
1347
0.006627429035794235 0.006425348200232317 0
0 1348 0 1
1348
0.006627796254334336 0.006417230885820616 0
0 1349 0 1
1349
0.006628163472874436 0.006409113571408917 0
0 1350 0 1
1350
0.006628530691414538 0.006400996256997217 0
0 1351 0 1
1351
0.006628897909954638 0.006392878942585518 0
0 1352 0 1
1352
0.006629265128494739 0.006384761628173817 0
0 1353 0 1
1353
0.00662963234703484 0.006376644313762117 0
0 1354 0 1
1354
0.00662999956557494 0.006368526999350417 0
0 1355 0 1
1355
0.006630366784115042 0.006360409684938716 0
0 1356 0 1
1356
0.006630734002655144 0.006352292370527018 0
0 1357 0 1
1357
0.006474800034011719 0.00670401303941266 0
0 1358 0 1
1358
0.006316279503590451 0.007040435124609911 0
0 1359 0 1
1359
0.006155336911290724 0.007362541959353038 0
0 1360 0 1
1360
0.00599213887613363 0.007671173611679951 0
0 1361 0 1
1361
0.0058268804490677 0.007967006444468334 0
0 1362 0 1
1362
0.005659828744471836 0.00825050977586746 0
0 1363 0 1
1363
0.005491403885118938 0.008521855033640455 0
0 1364 0 1
1364
0.005322343803816629 0.008780721462691826 0
0 1365 0 1
1365
0.004990058585099077 0.009253289645169336 0
0 1366 0 1
1366
0.004847446535885984 0.009443276380740669 0
0 1367 0 1
1367
0.004697605329155149 0.00962761511524662 0
0 1368 0 1
1368
0.004540758428059409 0.009806030938228976 0
0 1369 0 1
1369
0.004377139743575559 0.00997825777226358 0
0 1370 0 1
1370
0.004206993285665182 0.01014403876977041 0
0 1371 0 1
1371
0.004030572799374502 0.01030312669605889 0
0 1372 0 1
1372
0.003848141386415999 0.01045528429803714 0
0 1373 0 1
1373
0.003659971112796115 0.01060028465803541 0
0 1374 0 1
1374
0.003466342603074211 0.01073791153221586 0
0 1375 0 1
1375
0.003267544621857869 0.01086795967306423 0
0 1376 0 1
1376
0.003063873643158668 0.01099023513548216 0
0 1377 0 1
1377
0.002855633408250683 0.01110455556602401 0
0 1378 0 1
1378
0.002643134472691057 0.01121075047484659 0
0 1379 0 1
1379
0.002426693743178224 0.01130866148996624 0
0 1380 0 1
1380
0.00220663400493845 0.01139814259344429 0
0 1381 0 1
1381
0.00198328344034554 0.01147906033914842 0
0 1382 0 1
1382
0.001756975139491602 0.01155129405176525 0
0 1383 0 1
1383
0.001528046603438759 0.01161473600676753 0
0 1384 0 1
1384
0.001296839240892641 0.01166929159106718 0
0 1385 0 1
1385
0.001063697859048283 0.01171487944411502 0
0 1386 0 1
1386
0.0008289701493677276 0.01175143157923637 0
0 1387 0 1
1387
0.0005930061690562494 0.0117788934850219 0
0 1388 0 1
1388
0.0003561578190104469 0.01179722420662223 0
0 1389 0 1
1389
0.0001187783190167808 0.01180639640682533 0
0 1390 0 1
1390
-0.0001187783190167808 0.01180639640682533 0
0 1391 0 1
1391
-0.0003561578190104469 0.01179722420662223 0
0 1392 0 1
1392
-0.0005930061690562502 0.0117788934850219 0
0 1393 0 1
1393
-0.0008289701493677276 0.01175143157923637 0
0 1394 0 1
1394
-0.001063697859048283 0.01171487944411502 0
0 1395 0 1
1395
-0.001296839240892643 0.01166929159106718 0
0 1396 0 1
1396
-0.001528046603438759 0.01161473600676753 0
0 1397 0 1
1397
-0.001756975139491602 0.01155129405176525 0
0 1398 0 1
1398
-0.00198328344034554 0.01147906033914842 0
0 1399 0 1
1399
-0.00220663400493845 0.01139814259344429 0
0 1400 0 1
1400
-0.002426693743178224 0.01130866148996624 0
0 1401 0 1
1401
-0.002643134472691057 0.01121075047484659 0
0 1402 0 1
1402
-0.002855633408250683 0.01110455556602401 0
0 1403 0 1
1403
-0.003063873643158669 0.01099023513548215 0
0 1404 0 1
1404
-0.003267544621857869 0.01086795967306423 0
0 1405 0 1
1405
-0.003466342603074211 0.01073791153221586 0
0 1406 0 1
1406
-0.003659971112796115 0.01060028465803541 0
0 1407 0 1
1407
-0.003848141386415999 0.01045528429803714 0
0 1408 0 1
1408
-0.004030572799374503 0.01030312669605889 0
0 1409 0 1
1409
-0.004206993285665182 0.01014403876977041 0
0 1410 0 1
1410
-0.004377139743575559 0.00997825777226358 0
0 1411 0 1
1411
-0.004540758428059409 0.009806030938228972 0
0 1412 0 1
1412
-0.00469760532915515 0.00962761511524662 0
0 1413 0 1
1413
-0.004847446535885984 0.009443276380740669 0
0 1414 0 1
1414
-0.004990058585099077 0.009253289645169336 0
0 1415 0 1
1415
-0.005154106349320117 0.009025807386975537 0
0 1416 0 1
1416
-0.005322343803816629 0.008780721462691826 0
0 1417 0 1
1417
-0.005491403885118938 0.008521855033640455 0
0 1418 0 1
1418
-0.005659828744471836 0.00825050977586746 0
0 1419 0 1
1419
-0.0058268804490677 0.007967006444468334 0
0 1420 0 1
1420
-0.00599213887613363 0.007671173611679951 0
0 1421 0 1
1421
-0.006155336911290724 0.007362541959353038 0
0 1422 0 1
1422
-0.006316279503590451 0.007040435124609911 0
1 1 0 2
1423
1424
0.001672253459047706 0.01589830283172334 0
0.004843728956207106 0.009445549004561009 0
1 2 0 43
1425
1426
1427
1428
1429
1430
1431
1432
1433
1434
1435
1436
1437
1438
1439
1440
1441
1442
1443
1444
1445
1446
1447
1448
1449
1450
1451
1452
1453
1454
1455
1456
1457
1458
1459
1460
1461
1462
1463
1464
1465
1466
1467
-0.006564222218246494 0.007228389217763145 0
-0.006181596260558513 0.008148030872054571 0
-0.005798970302859367 0.009067672526372838 0
-0.005416344345155505 0.00998731418070244 0
-0.005033718387451641 0.01090695583503204 0
-0.004651092429640561 0.01182659748961934 0
-0.004268466471807646 0.01274623914425912 0
-0.003854961561533519 0.01365176338808772 0
-0.003316579568585306 0.01448874061597644 0
-0.00265948817004578 0.01523548690158407 0
-0.001848907556618627 0.01580977337477184 0
-0.0009202410628613727 0.01616251185173408 0
6.719931621173084e-05 0.01627117364918997 0
0.001050347815209749 0.01612881874415553 0
0.001966412778297195 0.01574453906747326 0
0.002756887049413499 0.01514287777294432 0
0.003396178465618693 0.0143804458509687 0
0.003917864873869326 0.01353299133931028 0
0.004320095890941283 0.01262214781310881 0
0.004702721846626105 0.01170250616363197 0
0.005085347802253871 0.01078286451429227 0
0.005467973758016306 0.009863222864628892 0
0.005850599713570818 0.008943581215465258 0
0.00623322566920083 0.008023939566120157 0
0.006596917049935382 0.007099811375412931 0
0.006524508459384835 0.006590852459336312 0
0.006089295338417103 0.007486626982763853 0
0.005596414593530308 0.008351973519813571 0
0.005041301753419707 0.009178747041944298 0
0.004407143923073661 0.009945467823590069 0
0.003657774931764112 0.01060000780004114 0
0.002812664895291482 0.01112514158568304 0
0.001893934306770932 0.01150712399608045 0
0.0009256306318946162 0.01173595679208279 0
-6.690111339488955e-05 0.0118056503545301 0
-0.001057681749010951 0.01171438045959368 0
-0.002020777916413725 0.01146453604039851 0
-0.002930980894802657 0.01106265671084824 0
-0.003764466438552428 0.01051926154777937 0
-0.004499418352408541 0.009848573735988747 0
-0.005120737154377357 0.009071083679750923 0
-0.005666040784999266 0.008237820102414634 0
-0.006150997820294063 0.007368002635719763 0
2 1 0 34
1468
1469
1470
1471
1472
1473
1474
1475
1476
1477
1478
1479
1480
1481
1482
1483
1484
1485
1486
1487
1488
1489
1490
1491
1492
1493
1494
1495
1496
1497
1498
1499
1500
1501
0.0004794388046611677 0.01530117338120059 2.045080027718132e-19
-0.001800270630712527 0.01484906111466233 3.759561595644573e-21
0.002394186501303118 0.01416254253044038 3.738119679437674e-19
0.0003860556756161811 0.0126743471273512 1.974763108056885e-19
-0.002687390086649871 0.01366961616729599 -7.390068037224195e-20
0.002684106072164744 0.01211177681960738 4.003050182840231e-19
-0.001755601446506137 0.01242352399639475 8.80514357161749e-21
-0.0007153753495021387 0.01261060113564872 1.004149692207153e-19
-0.0001847833320296111 0.01349288624788009 1.467832856179485e-19
0.0008629622309842237 0.01355607836126678 2.391125400370014e-19
-0.001501011326617613 0.01333479372567633 3.083082328894704e-20
0.001391539074280413 0.01280536958930542 2.86049195748083e-19
-0.002769197393679217 0.01205321600291681 -8.037354833342163e-20
-0.0008910084949865101 0.01426701324226242 8.417634292743451e-20
0.003698610938733667 0.01170315555964895 4.899196572301053e-19
0.0002098876076551641 0.01433288529208895 1.811895602132037e-19
0.001279071197932082 0.01444686878902403 2.753853611860107e-19
-0.00370892847845051 0.01168235499764375 -1.630408458090472e-19
0.003376154124607755 0.01275774585510165 4.610135366854167e-19
0.002379595266231255 0.01303459465254606 3.730410228328202e-19
-0.003297823301215604 0.01277323824111384 -1.273005109660713e-19
-0.0003396328720471511 0.01494551064609418 1.324698144832768e-19
0.001687674330523603 0.01359331768024374 3.117933886078626e-19
-0.002449545369803018 0.0144629376058267 -5.32972170294545e-20
-0.002402204710933689 0.01285087762667955 -4.838775456223412e-20
0.001352037820001666 0.01530783037594937 2.814240237246419e-19
0.003089951313390303 0.01358940922778221 4.354050203133169e-19
-0.001063448332907092 0.01531023816857401 6.849931765416622e-20
0.001984918503908138 0.01491775189789343 3.373902570583278e-19
0.004325587285418097 0.01099237440301347 5.455119286088307e-19
-0.004276860533449567 0.01111327721707315 -2.128437410778432e-19
-0.00184246038497325 0.01410385547356473 3.809818431249285e-22
-0.0003607498976069952 0.01563352471358461 1.302940668146332e-19
0.001911801270078211 0.01223214054530524 3.321718450846056e-19
$EndNodes
$Elements
1425 1579 1 1579
0 1 15 1
1 1 
0 2 15 1
2 2 
0 3 15 1
3 3 
0 4 15 1
4 4 
0 5 15 1
5 5 
0 6 15 1
6 6 
0 7 15 1
7 7 
0 8 15 1
8 8 
0 9 15 1
9 9 
0 10 15 1
10 10 
0 11 15 1
11 11 
0 12 15 1
12 12 
0 13 15 1
13 13 
0 14 15 1
14 14 
0 15 15 1
15 15 
0 16 15 1
16 16 
0 17 15 1
17 17 
0 18 15 1
18 18 
0 19 15 1
19 19 
0 20 15 1
20 20 
0 21 15 1
21 21 
0 22 15 1
22 22 
0 23 15 1
23 23 
0 24 15 1
24 24 
0 25 15 1
25 25 
0 26 15 1
26 26 
0 27 15 1
27 27 
0 28 15 1
28 28 
0 29 15 1
29 29 
0 30 15 1
30 30 
0 31 15 1
31 31 
0 32 15 1
32 32 
0 33 15 1
33 33 
0 34 15 1
34 34 
0 35 15 1
35 35 
0 36 15 1
36 36 
0 37 15 1
37 37 
0 38 15 1
38 38 
0 39 15 1
39 39 
0 40 15 1
40 40 
0 41 15 1
41 41 
0 42 15 1
42 42 
0 43 15 1
43 43 
0 44 15 1
44 44 
0 45 15 1
45 45 
0 46 15 1
46 46 
0 47 15 1
47 47 
0 48 15 1
48 48 
0 49 15 1
49 49 
0 50 15 1
50 50 
0 51 15 1
51 51 
0 52 15 1
52 52 
0 53 15 1
53 53 
0 54 15 1
54 54 
0 55 15 1
55 55 
0 56 15 1
56 56 
0 57 15 1
57 57 
0 58 15 1
58 58 
0 59 15 1
59 59 
0 60 15 1
60 60 
0 61 15 1
61 61 
0 62 15 1
62 62 
0 63 15 1
63 63 
0 64 15 1
64 64 
0 65 15 1
65 65 
0 66 15 1
66 66 
0 67 15 1
67 67 
0 68 15 1
68 68 
0 69 15 1
69 69 
0 70 15 1
70 70 
0 71 15 1
71 71 
0 72 15 1
72 72 
0 73 15 1
73 73 
0 74 15 1
74 74 
0 75 15 1
75 75 
0 76 15 1
76 76 
0 77 15 1
77 77 
0 78 15 1
78 78 
0 79 15 1
79 79 
0 80 15 1
80 80 
0 81 15 1
81 81 
0 82 15 1
82 82 
0 83 15 1
83 83 
0 84 15 1
84 84 
0 85 15 1
85 85 
0 86 15 1
86 86 
0 87 15 1
87 87 
0 88 15 1
88 88 
0 89 15 1
89 89 
0 90 15 1
90 90 
0 91 15 1
91 91 
0 92 15 1
92 92 
0 93 15 1
93 93 
0 94 15 1
94 94 
0 95 15 1
95 95 
0 96 15 1
96 96 
0 97 15 1
97 97 
0 98 15 1
98 98 
0 99 15 1
99 99 
0 100 15 1
100 100 
0 101 15 1
101 101 
0 102 15 1
102 102 
0 103 15 1
103 103 
0 104 15 1
104 104 
0 105 15 1
105 105 
0 106 15 1
106 106 
0 107 15 1
107 107 
0 108 15 1
108 108 
0 109 15 1
109 109 
0 110 15 1
110 110 
0 111 15 1
111 111 
0 112 15 1
112 112 
0 113 15 1
113 113 
0 114 15 1
114 114 
0 115 15 1
115 115 
0 116 15 1
116 116 
0 117 15 1
117 117 
0 118 15 1
118 118 
0 119 15 1
119 119 
0 120 15 1
120 120 
0 121 15 1
121 121 
0 122 15 1
122 122 
0 123 15 1
123 123 
0 124 15 1
124 124 
0 125 15 1
125 125 
0 126 15 1
126 126 
0 127 15 1
127 127 
0 128 15 1
128 128 
0 129 15 1
129 129 
0 130 15 1
130 130 
0 131 15 1
131 131 
0 132 15 1
132 132 
0 133 15 1
133 133 
0 134 15 1
134 134 
0 135 15 1
135 135 
0 136 15 1
136 136 
0 137 15 1
137 137 
0 138 15 1
138 138 
0 139 15 1
139 139 
0 140 15 1
140 140 
0 141 15 1
141 141 
0 142 15 1
142 142 
0 143 15 1
143 143 
0 144 15 1
144 144 
0 145 15 1
145 145 
0 146 15 1
146 146 
0 147 15 1
147 147 
0 148 15 1
148 148 
0 149 15 1
149 149 
0 150 15 1
150 150 
0 151 15 1
151 151 
0 152 15 1
152 152 
0 153 15 1
153 153 
0 154 15 1
154 154 
0 155 15 1
155 155 
0 156 15 1
156 156 
0 157 15 1
157 157 
0 158 15 1
158 158 
0 159 15 1
159 159 
0 160 15 1
160 160 
0 161 15 1
161 161 
0 162 15 1
162 162 
0 163 15 1
163 163 
0 164 15 1
164 164 
0 165 15 1
165 165 
0 166 15 1
166 166 
0 167 15 1
167 167 
0 168 15 1
168 168 
0 169 15 1
169 169 
0 170 15 1
170 170 
0 171 15 1
171 171 
0 172 15 1
172 172 
0 173 15 1
173 173 
0 174 15 1
174 174 
0 175 15 1
175 175 
0 176 15 1
176 176 
0 177 15 1
177 177 
0 178 15 1
178 178 
0 179 15 1
179 179 
0 180 15 1
180 180 
0 181 15 1
181 181 
0 182 15 1
182 182 
0 183 15 1
183 183 
0 184 15 1
184 184 
0 185 15 1
185 185 
0 186 15 1
186 186 
0 187 15 1
187 187 
0 188 15 1
188 188 
0 189 15 1
189 189 
0 190 15 1
190 190 
0 191 15 1
191 191 
0 192 15 1
192 192 
0 193 15 1
193 193 
0 194 15 1
194 194 
0 195 15 1
195 195 
0 196 15 1
196 196 
0 197 15 1
197 197 
0 198 15 1
198 198 
0 199 15 1
199 199 
0 200 15 1
200 200 
0 201 15 1
201 201 
0 202 15 1
202 202 
0 203 15 1
203 203 
0 204 15 1
204 204 
0 205 15 1
205 205 
0 206 15 1
206 206 
0 207 15 1
207 207 
0 208 15 1
208 208 
0 209 15 1
209 209 
0 210 15 1
210 210 
0 211 15 1
211 211 
0 212 15 1
212 212 
0 213 15 1
213 213 
0 214 15 1
214 214 
0 215 15 1
215 215 
0 216 15 1
216 216 
0 217 15 1
217 217 
0 218 15 1
218 218 
0 219 15 1
219 219 
0 220 15 1
220 220 
0 221 15 1
221 221 
0 222 15 1
222 222 
0 223 15 1
223 223 
0 224 15 1
224 224 
0 225 15 1
225 225 
0 226 15 1
226 226 
0 227 15 1
227 227 
0 228 15 1
228 228 
0 229 15 1
229 229 
0 230 15 1
230 230 
0 231 15 1
231 231 
0 232 15 1
232 232 
0 233 15 1
233 233 
0 234 15 1
234 234 
0 235 15 1
235 235 
0 236 15 1
236 236 
0 237 15 1
237 237 
0 238 15 1
238 238 
0 239 15 1
239 239 
0 240 15 1
240 240 
0 241 15 1
241 241 
0 242 15 1
242 242 
0 243 15 1
243 243 
0 244 15 1
244 244 
0 245 15 1
245 245 
0 246 15 1
246 246 
0 247 15 1
247 247 
0 248 15 1
248 248 
0 249 15 1
249 249 
0 250 15 1
250 250 
0 251 15 1
251 251 
0 252 15 1
252 252 
0 253 15 1
253 253 
0 254 15 1
254 254 
0 255 15 1
255 255 
0 256 15 1
256 256 
0 257 15 1
257 257 
0 258 15 1
258 258 
0 259 15 1
259 259 
0 260 15 1
260 260 
0 261 15 1
261 261 
0 262 15 1
262 262 
0 263 15 1
263 263 
0 264 15 1
264 264 
0 265 15 1
265 265 
0 266 15 1
266 266 
0 267 15 1
267 267 
0 268 15 1
268 268 
0 269 15 1
269 269 
0 270 15 1
270 270 
0 271 15 1
271 271 
0 272 15 1
272 272 
0 273 15 1
273 273 
0 274 15 1
274 274 
0 275 15 1
275 275 
0 276 15 1
276 276 
0 277 15 1
277 277 
0 278 15 1
278 278 
0 279 15 1
279 279 
0 280 15 1
280 280 
0 281 15 1
281 281 
0 282 15 1
282 282 
0 283 15 1
283 283 
0 284 15 1
284 284 
0 285 15 1
285 285 
0 286 15 1
286 286 
0 287 15 1
287 287 
0 288 15 1
288 288 
0 289 15 1
289 289 
0 290 15 1
290 290 
0 291 15 1
291 291 
0 292 15 1
292 292 
0 293 15 1
293 293 
0 294 15 1
294 294 
0 295 15 1
295 295 
0 296 15 1
296 296 
0 297 15 1
297 297 
0 298 15 1
298 298 
0 299 15 1
299 299 
0 300 15 1
300 300 
0 301 15 1
301 301 
0 302 15 1
302 302 
0 303 15 1
303 303 
0 304 15 1
304 304 
0 305 15 1
305 305 
0 306 15 1
306 306 
0 307 15 1
307 307 
0 308 15 1
308 308 
0 309 15 1
309 309 
0 310 15 1
310 310 
0 311 15 1
311 311 
0 312 15 1
312 312 
0 313 15 1
313 313 
0 314 15 1
314 314 
0 315 15 1
315 315 
0 316 15 1
316 316 
0 317 15 1
317 317 
0 318 15 1
318 318 
0 319 15 1
319 319 
0 320 15 1
320 320 
0 321 15 1
321 321 
0 322 15 1
322 322 
0 323 15 1
323 323 
0 324 15 1
324 324 
0 325 15 1
325 325 
0 326 15 1
326 326 
0 327 15 1
327 327 
0 328 15 1
328 328 
0 329 15 1
329 329 
0 330 15 1
330 330 
0 331 15 1
331 331 
0 332 15 1
332 332 
0 333 15 1
333 333 
0 334 15 1
334 334 
0 335 15 1
335 335 
0 336 15 1
336 336 
0 337 15 1
337 337 
0 338 15 1
338 338 
0 339 15 1
339 339 
0 340 15 1
340 340 
0 341 15 1
341 341 
0 342 15 1
342 342 
0 343 15 1
343 343 
0 344 15 1
344 344 
0 345 15 1
345 345 
0 346 15 1
346 346 
0 347 15 1
347 347 
0 348 15 1
348 348 
0 349 15 1
349 349 
0 350 15 1
350 350 
0 351 15 1
351 351 
0 352 15 1
352 352 
0 353 15 1
353 353 
0 354 15 1
354 354 
0 355 15 1
355 355 
0 356 15 1
356 356 
0 357 15 1
357 357 
0 358 15 1
358 358 
0 359 15 1
359 359 
0 360 15 1
360 360 
0 361 15 1
361 361 
0 362 15 1
362 362 
0 363 15 1
363 363 
0 364 15 1
364 364 
0 365 15 1
365 365 
0 366 15 1
366 366 
0 367 15 1
367 367 
0 368 15 1
368 368 
0 369 15 1
369 369 
0 370 15 1
370 370 
0 371 15 1
371 371 
0 372 15 1
372 372 
0 373 15 1
373 373 
0 374 15 1
374 374 
0 375 15 1
375 375 
0 376 15 1
376 376 
0 377 15 1
377 377 
0 378 15 1
378 378 
0 379 15 1
379 379 
0 380 15 1
380 380 
0 381 15 1
381 381 
0 382 15 1
382 382 
0 383 15 1
383 383 
0 384 15 1
384 384 
0 385 15 1
385 385 
0 386 15 1
386 386 
0 387 15 1
387 387 
0 388 15 1
388 388 
0 389 15 1
389 389 
0 390 15 1
390 390 
0 391 15 1
391 391 
0 392 15 1
392 392 
0 393 15 1
393 393 
0 394 15 1
394 394 
0 395 15 1
395 395 
0 396 15 1
396 396 
0 397 15 1
397 397 
0 398 15 1
398 398 
0 399 15 1
399 399 
0 400 15 1
400 400 
0 401 15 1
401 401 
0 402 15 1
402 402 
0 403 15 1
403 403 
0 404 15 1
404 404 
0 405 15 1
405 405 
0 406 15 1
406 406 
0 407 15 1
407 407 
0 408 15 1
408 408 
0 409 15 1
409 409 
0 410 15 1
410 410 
0 411 15 1
411 411 
0 412 15 1
412 412 
0 413 15 1
413 413 
0 414 15 1
414 414 
0 415 15 1
415 415 
0 416 15 1
416 416 
0 417 15 1
417 417 
0 418 15 1
418 418 
0 419 15 1
419 419 
0 420 15 1
420 420 
0 421 15 1
421 421 
0 422 15 1
422 422 
0 423 15 1
423 423 
0 424 15 1
424 424 
0 425 15 1
425 425 
0 426 15 1
426 426 
0 427 15 1
427 427 
0 428 15 1
428 428 
0 429 15 1
429 429 
0 430 15 1
430 430 
0 431 15 1
431 431 
0 432 15 1
432 432 
0 433 15 1
433 433 
0 434 15 1
434 434 
0 435 15 1
435 435 
0 436 15 1
436 436 
0 437 15 1
437 437 
0 438 15 1
438 438 
0 439 15 1
439 439 
0 440 15 1
440 440 
0 441 15 1
441 441 
0 442 15 1
442 442 
0 443 15 1
443 443 
0 444 15 1
444 444 
0 445 15 1
445 445 
0 446 15 1
446 446 
0 447 15 1
447 447 
0 448 15 1
448 448 
0 449 15 1
449 449 
0 450 15 1
450 450 
0 451 15 1
451 451 
0 452 15 1
452 452 
0 453 15 1
453 453 
0 454 15 1
454 454 
0 455 15 1
455 455 
0 456 15 1
456 456 
0 457 15 1
457 457 
0 458 15 1
458 458 
0 459 15 1
459 459 
0 460 15 1
460 460 
0 461 15 1
461 461 
0 462 15 1
462 462 
0 463 15 1
463 463 
0 464 15 1
464 464 
0 465 15 1
465 465 
0 466 15 1
466 466 
0 467 15 1
467 467 
0 468 15 1
468 468 
0 469 15 1
469 469 
0 470 15 1
470 470 
0 471 15 1
471 471 
0 472 15 1
472 472 
0 473 15 1
473 473 
0 474 15 1
474 474 
0 475 15 1
475 475 
0 476 15 1
476 476 
0 477 15 1
477 477 
0 478 15 1
478 478 
0 479 15 1
479 479 
0 480 15 1
480 480 
0 481 15 1
481 481 
0 482 15 1
482 482 
0 483 15 1
483 483 
0 484 15 1
484 484 
0 485 15 1
485 485 
0 486 15 1
486 486 
0 487 15 1
487 487 
0 488 15 1
488 488 
0 489 15 1
489 489 
0 490 15 1
490 490 
0 491 15 1
491 491 
0 492 15 1
492 492 
0 493 15 1
493 493 
0 494 15 1
494 494 
0 495 15 1
495 495 
0 496 15 1
496 496 
0 497 15 1
497 497 
0 498 15 1
498 498 
0 499 15 1
499 499 
0 500 15 1
500 500 
0 501 15 1
501 501 
0 502 15 1
502 502 
0 503 15 1
503 503 
0 504 15 1
504 504 
0 505 15 1
505 505 
0 506 15 1
506 506 
0 507 15 1
507 507 
0 508 15 1
508 508 
0 509 15 1
509 509 
0 510 15 1
510 510 
0 511 15 1
511 511 
0 512 15 1
512 512 
0 513 15 1
513 513 
0 514 15 1
514 514 
0 515 15 1
515 515 
0 516 15 1
516 516 
0 517 15 1
517 517 
0 518 15 1
518 518 
0 519 15 1
519 519 
0 520 15 1
520 520 
0 521 15 1
521 521 
0 522 15 1
522 522 
0 523 15 1
523 523 
0 524 15 1
524 524 
0 525 15 1
525 525 
0 526 15 1
526 526 
0 527 15 1
527 527 
0 528 15 1
528 528 
0 529 15 1
529 529 
0 530 15 1
530 530 
0 531 15 1
531 531 
0 532 15 1
532 532 
0 533 15 1
533 533 
0 534 15 1
534 534 
0 535 15 1
535 535 
0 536 15 1
536 536 
0 537 15 1
537 537 
0 538 15 1
538 538 
0 539 15 1
539 539 
0 540 15 1
540 540 
0 541 15 1
541 541 
0 542 15 1
542 542 
0 543 15 1
543 543 
0 544 15 1
544 544 
0 545 15 1
545 545 
0 546 15 1
546 546 
0 547 15 1
547 547 
0 548 15 1
548 548 
0 549 15 1
549 549 
0 550 15 1
550 550 
0 551 15 1
551 551 
0 552 15 1
552 552 
0 553 15 1
553 553 
0 554 15 1
554 554 
0 555 15 1
555 555 
0 556 15 1
556 556 
0 557 15 1
557 557 
0 558 15 1
558 558 
0 559 15 1
559 559 
0 560 15 1
560 560 
0 561 15 1
561 561 
0 562 15 1
562 562 
0 563 15 1
563 563 
0 564 15 1
564 564 
0 565 15 1
565 565 
0 566 15 1
566 566 
0 567 15 1
567 567 
0 568 15 1
568 568 
0 569 15 1
569 569 
0 570 15 1
570 570 
0 571 15 1
571 571 
0 572 15 1
572 572 
0 573 15 1
573 573 
0 574 15 1
574 574 
0 575 15 1
575 575 
0 576 15 1
576 576 
0 577 15 1
577 577 
0 578 15 1
578 578 
0 579 15 1
579 579 
0 580 15 1
580 580 
0 581 15 1
581 581 
0 582 15 1
582 582 
0 583 15 1
583 583 
0 584 15 1
584 584 
0 585 15 1
585 585 
0 586 15 1
586 586 
0 587 15 1
587 587 
0 588 15 1
588 588 
0 589 15 1
589 589 
0 590 15 1
590 590 
0 591 15 1
591 591 
0 592 15 1
592 592 
0 593 15 1
593 593 
0 594 15 1
594 594 
0 595 15 1
595 595 
0 596 15 1
596 596 
0 597 15 1
597 597 
0 598 15 1
598 598 
0 599 15 1
599 599 
0 600 15 1
600 600 
0 601 15 1
601 601 
0 602 15 1
602 602 
0 603 15 1
603 603 
0 604 15 1
604 604 
0 605 15 1
605 605 
0 606 15 1
606 606 
0 607 15 1
607 607 
0 608 15 1
608 608 
0 609 15 1
609 609 
0 610 15 1
610 610 
0 611 15 1
611 611 
0 612 15 1
612 612 
0 613 15 1
613 613 
0 614 15 1
614 614 
0 615 15 1
615 615 
0 616 15 1
616 616 
0 617 15 1
617 617 
0 618 15 1
618 618 
0 619 15 1
619 619 
0 620 15 1
620 620 
0 621 15 1
621 621 
0 622 15 1
622 622 
0 623 15 1
623 623 
0 624 15 1
624 624 
0 625 15 1
625 625 
0 626 15 1
626 626 
0 627 15 1
627 627 
0 628 15 1
628 628 
0 629 15 1
629 629 
0 630 15 1
630 630 
0 631 15 1
631 631 
0 632 15 1
632 632 
0 633 15 1
633 633 
0 634 15 1
634 634 
0 635 15 1
635 635 
0 636 15 1
636 636 
0 637 15 1
637 637 
0 638 15 1
638 638 
0 639 15 1
639 639 
0 640 15 1
640 640 
0 641 15 1
641 641 
0 642 15 1
642 642 
0 643 15 1
643 643 
0 644 15 1
644 644 
0 645 15 1
645 645 
0 646 15 1
646 646 
0 647 15 1
647 647 
0 648 15 1
648 648 
0 649 15 1
649 649 
0 650 15 1
650 650 
0 651 15 1
651 651 
0 652 15 1
652 652 
0 653 15 1
653 653 
0 654 15 1
654 654 
0 655 15 1
655 655 
0 656 15 1
656 656 
0 657 15 1
657 657 
0 658 15 1
658 658 
0 659 15 1
659 659 
0 660 15 1
660 660 
0 661 15 1
661 661 
0 662 15 1
662 662 
0 663 15 1
663 663 
0 664 15 1
664 664 
0 665 15 1
665 665 
0 666 15 1
666 666 
0 667 15 1
667 667 
0 668 15 1
668 668 
0 669 15 1
669 669 
0 670 15 1
670 670 
0 671 15 1
671 671 
0 672 15 1
672 672 
0 673 15 1
673 673 
0 674 15 1
674 674 
0 675 15 1
675 675 
0 676 15 1
676 676 
0 677 15 1
677 677 
0 678 15 1
678 678 
0 679 15 1
679 679 
0 680 15 1
680 680 
0 681 15 1
681 681 
0 682 15 1
682 682 
0 683 15 1
683 683 
0 684 15 1
684 684 
0 685 15 1
685 685 
0 686 15 1
686 686 
0 687 15 1
687 687 
0 688 15 1
688 688 
0 689 15 1
689 689 
0 690 15 1
690 690 
0 691 15 1
691 691 
0 692 15 1
692 692 
0 693 15 1
693 693 
0 694 15 1
694 694 
0 695 15 1
695 695 
0 696 15 1
696 696 
0 697 15 1
697 697 
0 698 15 1
698 698 
0 699 15 1
699 699 
0 700 15 1
700 700 
0 701 15 1
701 701 
0 702 15 1
702 702 
0 703 15 1
703 703 
0 704 15 1
704 704 
0 705 15 1
705 705 
0 706 15 1
706 706 
0 707 15 1
707 707 
0 708 15 1
708 708 
0 709 15 1
709 709 
0 710 15 1
710 710 
0 711 15 1
711 711 
0 712 15 1
712 712 
0 713 15 1
713 713 
0 714 15 1
714 714 
0 715 15 1
715 715 
0 716 15 1
716 716 
0 717 15 1
717 717 
0 718 15 1
718 718 
0 719 15 1
719 719 
0 720 15 1
720 720 
0 721 15 1
721 721 
0 722 15 1
722 722 
0 723 15 1
723 723 
0 724 15 1
724 724 
0 725 15 1
725 725 
0 726 15 1
726 726 
0 727 15 1
727 727 
0 728 15 1
728 728 
0 729 15 1
729 729 
0 730 15 1
730 730 
0 731 15 1
731 731 
0 732 15 1
732 732 
0 733 15 1
733 733 
0 734 15 1
734 734 
0 735 15 1
735 735 
0 736 15 1
736 736 
0 737 15 1
737 737 
0 738 15 1
738 738 
0 739 15 1
739 739 
0 740 15 1
740 740 
0 741 15 1
741 741 
0 742 15 1
742 742 
0 743 15 1
743 743 
0 744 15 1
744 744 
0 745 15 1
745 745 
0 746 15 1
746 746 
0 747 15 1
747 747 
0 748 15 1
748 748 
0 749 15 1
749 749 
0 750 15 1
750 750 
0 751 15 1
751 751 
0 752 15 1
752 752 
0 753 15 1
753 753 
0 754 15 1
754 754 
0 755 15 1
755 755 
0 756 15 1
756 756 
0 757 15 1
757 757 
0 758 15 1
758 758 
0 759 15 1
759 759 
0 760 15 1
760 760 
0 761 15 1
761 761 
0 762 15 1
762 762 
0 763 15 1
763 763 
0 764 15 1
764 764 
0 765 15 1
765 765 
0 766 15 1
766 766 
0 767 15 1
767 767 
0 768 15 1
768 768 
0 769 15 1
769 769 
0 770 15 1
770 770 
0 771 15 1
771 771 
0 772 15 1
772 772 
0 773 15 1
773 773 
0 774 15 1
774 774 
0 775 15 1
775 775 
0 776 15 1
776 776 
0 777 15 1
777 777 
0 778 15 1
778 778 
0 779 15 1
779 779 
0 780 15 1
780 780 
0 781 15 1
781 781 
0 782 15 1
782 782 
0 783 15 1
783 783 
0 784 15 1
784 784 
0 785 15 1
785 785 
0 786 15 1
786 786 
0 787 15 1
787 787 
0 788 15 1
788 788 
0 789 15 1
789 789 
0 790 15 1
790 790 
0 791 15 1
791 791 
0 792 15 1
792 792 
0 793 15 1
793 793 
0 794 15 1
794 794 
0 795 15 1
795 795 
0 796 15 1
796 796 
0 797 15 1
797 797 
0 798 15 1
798 798 
0 799 15 1
799 799 
0 800 15 1
800 800 
0 801 15 1
801 801 
0 802 15 1
802 802 
0 803 15 1
803 803 
0 804 15 1
804 804 
0 805 15 1
805 805 
0 806 15 1
806 806 
0 807 15 1
807 807 
0 808 15 1
808 808 
0 809 15 1
809 809 
0 810 15 1
810 810 
0 811 15 1
811 811 
0 812 15 1
812 812 
0 813 15 1
813 813 
0 814 15 1
814 814 
0 815 15 1
815 815 
0 816 15 1
816 816 
0 817 15 1
817 817 
0 818 15 1
818 818 
0 819 15 1
819 819 
0 820 15 1
820 820 
0 821 15 1
821 821 
0 822 15 1
822 822 
0 823 15 1
823 823 
0 824 15 1
824 824 
0 825 15 1
825 825 
0 826 15 1
826 826 
0 827 15 1
827 827 
0 828 15 1
828 828 
0 829 15 1
829 829 
0 830 15 1
830 830 
0 831 15 1
831 831 
0 832 15 1
832 832 
0 833 15 1
833 833 
0 834 15 1
834 834 
0 835 15 1
835 835 
0 836 15 1
836 836 
0 837 15 1
837 837 
0 838 15 1
838 838 
0 839 15 1
839 839 
0 840 15 1
840 840 
0 841 15 1
841 841 
0 842 15 1
842 842 
0 843 15 1
843 843 
0 844 15 1
844 844 
0 845 15 1
845 845 
0 846 15 1
846 846 
0 847 15 1
847 847 
0 848 15 1
848 848 
0 849 15 1
849 849 
0 850 15 1
850 850 
0 851 15 1
851 851 
0 852 15 1
852 852 
0 853 15 1
853 853 
0 854 15 1
854 854 
0 855 15 1
855 855 
0 856 15 1
856 856 
0 857 15 1
857 857 
0 858 15 1
858 858 
0 859 15 1
859 859 
0 860 15 1
860 860 
0 861 15 1
861 861 
0 862 15 1
862 862 
0 863 15 1
863 863 
0 864 15 1
864 864 
0 865 15 1
865 865 
0 866 15 1
866 866 
0 867 15 1
867 867 
0 868 15 1
868 868 
0 869 15 1
869 869 
0 870 15 1
870 870 
0 871 15 1
871 871 
0 872 15 1
872 872 
0 873 15 1
873 873 
0 874 15 1
874 874 
0 875 15 1
875 875 
0 876 15 1
876 876 
0 877 15 1
877 877 
0 878 15 1
878 878 
0 879 15 1
879 879 
0 880 15 1
880 880 
0 881 15 1
881 881 
0 882 15 1
882 882 
0 883 15 1
883 883 
0 884 15 1
884 884 
0 885 15 1
885 885 
0 886 15 1
886 886 
0 887 15 1
887 887 
0 888 15 1
888 888 
0 889 15 1
889 889 
0 890 15 1
890 890 
0 891 15 1
891 891 
0 892 15 1
892 892 
0 893 15 1
893 893 
0 894 15 1
894 894 
0 895 15 1
895 895 
0 896 15 1
896 896 
0 897 15 1
897 897 
0 898 15 1
898 898 
0 899 15 1
899 899 
0 900 15 1
900 900 
0 901 15 1
901 901 
0 902 15 1
902 902 
0 903 15 1
903 903 
0 904 15 1
904 904 
0 905 15 1
905 905 
0 906 15 1
906 906 
0 907 15 1
907 907 
0 908 15 1
908 908 
0 909 15 1
909 909 
0 910 15 1
910 910 
0 911 15 1
911 911 
0 912 15 1
912 912 
0 913 15 1
913 913 
0 914 15 1
914 914 
0 915 15 1
915 915 
0 916 15 1
916 916 
0 917 15 1
917 917 
0 918 15 1
918 918 
0 919 15 1
919 919 
0 920 15 1
920 920 
0 921 15 1
921 921 
0 922 15 1
922 922 
0 923 15 1
923 923 
0 924 15 1
924 924 
0 925 15 1
925 925 
0 926 15 1
926 926 
0 927 15 1
927 927 
0 928 15 1
928 928 
0 929 15 1
929 929 
0 930 15 1
930 930 
0 931 15 1
931 931 
0 932 15 1
932 932 
0 933 15 1
933 933 
0 934 15 1
934 934 
0 935 15 1
935 935 
0 936 15 1
936 936 
0 937 15 1
937 937 
0 938 15 1
938 938 
0 939 15 1
939 939 
0 940 15 1
940 940 
0 941 15 1
941 941 
0 942 15 1
942 942 
0 943 15 1
943 943 
0 944 15 1
944 944 
0 945 15 1
945 945 
0 946 15 1
946 946 
0 947 15 1
947 947 
0 948 15 1
948 948 
0 949 15 1
949 949 
0 950 15 1
950 950 
0 951 15 1
951 951 
0 952 15 1
952 952 
0 953 15 1
953 953 
0 954 15 1
954 954 
0 955 15 1
955 955 
0 956 15 1
956 956 
0 957 15 1
957 957 
0 958 15 1
958 958 
0 959 15 1
959 959 
0 960 15 1
960 960 
0 961 15 1
961 961 
0 962 15 1
962 962 
0 963 15 1
963 963 
0 964 15 1
964 964 
0 965 15 1
965 965 
0 966 15 1
966 966 
0 967 15 1
967 967 
0 968 15 1
968 968 
0 969 15 1
969 969 
0 970 15 1
970 970 
0 971 15 1
971 971 
0 972 15 1
972 972 
0 973 15 1
973 973 
0 974 15 1
974 974 
0 975 15 1
975 975 
0 976 15 1
976 976 
0 977 15 1
977 977 
0 978 15 1
978 978 
0 979 15 1
979 979 
0 980 15 1
980 980 
0 981 15 1
981 981 
0 982 15 1
982 982 
0 983 15 1
983 983 
0 984 15 1
984 984 
0 985 15 1
985 985 
0 986 15 1
986 986 
0 987 15 1
987 987 
0 988 15 1
988 988 
0 989 15 1
989 989 
0 990 15 1
990 990 
0 991 15 1
991 991 
0 992 15 1
992 992 
0 993 15 1
993 993 
0 994 15 1
994 994 
0 995 15 1
995 995 
0 996 15 1
996 996 
0 997 15 1
997 997 
0 998 15 1
998 998 
0 999 15 1
999 999 
0 1000 15 1
1000 1000 
0 1001 15 1
1001 1001 
0 1002 15 1
1002 1002 
0 1003 15 1
1003 1003 
0 1004 15 1
1004 1004 
0 1005 15 1
1005 1005 
0 1006 15 1
1006 1006 
0 1007 15 1
1007 1007 
0 1008 15 1
1008 1008 
0 1009 15 1
1009 1009 
0 1010 15 1
1010 1010 
0 1011 15 1
1011 1011 
0 1012 15 1
1012 1012 
0 1013 15 1
1013 1013 
0 1014 15 1
1014 1014 
0 1015 15 1
1015 1015 
0 1016 15 1
1016 1016 
0 1017 15 1
1017 1017 
0 1018 15 1
1018 1018 
0 1019 15 1
1019 1019 
0 1020 15 1
1020 1020 
0 1021 15 1
1021 1021 
0 1022 15 1
1022 1022 
0 1023 15 1
1023 1023 
0 1024 15 1
1024 1024 
0 1025 15 1
1025 1025 
0 1026 15 1
1026 1026 
0 1027 15 1
1027 1027 
0 1028 15 1
1028 1028 
0 1029 15 1
1029 1029 
0 1030 15 1
1030 1030 
0 1031 15 1
1031 1031 
0 1032 15 1
1032 1032 
0 1033 15 1
1033 1033 
0 1034 15 1
1034 1034 
0 1035 15 1
1035 1035 
0 1036 15 1
1036 1036 
0 1037 15 1
1037 1037 
0 1038 15 1
1038 1038 
0 1039 15 1
1039 1039 
0 1040 15 1
1040 1040 
0 1041 15 1
1041 1041 
0 1042 15 1
1042 1042 
0 1043 15 1
1043 1043 
0 1044 15 1
1044 1044 
0 1045 15 1
1045 1045 
0 1046 15 1
1046 1046 
0 1047 15 1
1047 1047 
0 1048 15 1
1048 1048 
0 1049 15 1
1049 1049 
0 1050 15 1
1050 1050 
0 1051 15 1
1051 1051 
0 1052 15 1
1052 1052 
0 1053 15 1
1053 1053 
0 1054 15 1
1054 1054 
0 1055 15 1
1055 1055 
0 1056 15 1
1056 1056 
0 1057 15 1
1057 1057 
0 1058 15 1
1058 1058 
0 1059 15 1
1059 1059 
0 1060 15 1
1060 1060 
0 1061 15 1
1061 1061 
0 1062 15 1
1062 1062 
0 1063 15 1
1063 1063 
0 1064 15 1
1064 1064 
0 1065 15 1
1065 1065 
0 1066 15 1
1066 1066 
0 1067 15 1
1067 1067 
0 1068 15 1
1068 1068 
0 1069 15 1
1069 1069 
0 1070 15 1
1070 1070 
0 1071 15 1
1071 1071 
0 1072 15 1
1072 1072 
0 1073 15 1
1073 1073 
0 1074 15 1
1074 1074 
0 1075 15 1
1075 1075 
0 1076 15 1
1076 1076 
0 1077 15 1
1077 1077 
0 1078 15 1
1078 1078 
0 1079 15 1
1079 1079 
0 1080 15 1
1080 1080 
0 1081 15 1
1081 1081 
0 1082 15 1
1082 1082 
0 1083 15 1
1083 1083 
0 1084 15 1
1084 1084 
0 1085 15 1
1085 1085 
0 1086 15 1
1086 1086 
0 1087 15 1
1087 1087 
0 1088 15 1
1088 1088 
0 1089 15 1
1089 1089 
0 1090 15 1
1090 1090 
0 1091 15 1
1091 1091 
0 1092 15 1
1092 1092 
0 1093 15 1
1093 1093 
0 1094 15 1
1094 1094 
0 1095 15 1
1095 1095 
0 1096 15 1
1096 1096 
0 1097 15 1
1097 1097 
0 1098 15 1
1098 1098 
0 1099 15 1
1099 1099 
0 1100 15 1
1100 1100 
0 1101 15 1
1101 1101 
0 1102 15 1
1102 1102 
0 1103 15 1
1103 1103 
0 1104 15 1
1104 1104 
0 1105 15 1
1105 1105 
0 1106 15 1
1106 1106 
0 1107 15 1
1107 1107 
0 1108 15 1
1108 1108 
0 1109 15 1
1109 1109 
0 1110 15 1
1110 1110 
0 1111 15 1
1111 1111 
0 1112 15 1
1112 1112 
0 1113 15 1
1113 1113 
0 1114 15 1
1114 1114 
0 1115 15 1
1115 1115 
0 1116 15 1
1116 1116 
0 1117 15 1
1117 1117 
0 1118 15 1
1118 1118 
0 1119 15 1
1119 1119 
0 1120 15 1
1120 1120 
0 1121 15 1
1121 1121 
0 1122 15 1
1122 1122 
0 1123 15 1
1123 1123 
0 1124 15 1
1124 1124 
0 1125 15 1
1125 1125 
0 1126 15 1
1126 1126 
0 1127 15 1
1127 1127 
0 1128 15 1
1128 1128 
0 1129 15 1
1129 1129 
0 1130 15 1
1130 1130 
0 1131 15 1
1131 1131 
0 1132 15 1
1132 1132 
0 1133 15 1
1133 1133 
0 1134 15 1
1134 1134 
0 1135 15 1
1135 1135 
0 1136 15 1
1136 1136 
0 1137 15 1
1137 1137 
0 1138 15 1
1138 1138 
0 1139 15 1
1139 1139 
0 1140 15 1
1140 1140 
0 1141 15 1
1141 1141 
0 1142 15 1
1142 1142 
0 1143 15 1
1143 1143 
0 1144 15 1
1144 1144 
0 1145 15 1
1145 1145 
0 1146 15 1
1146 1146 
0 1147 15 1
1147 1147 
0 1148 15 1
1148 1148 
0 1149 15 1
1149 1149 
0 1150 15 1
1150 1150 
0 1151 15 1
1151 1151 
0 1152 15 1
1152 1152 
0 1153 15 1
1153 1153 
0 1154 15 1
1154 1154 
0 1155 15 1
1155 1155 
0 1156 15 1
1156 1156 
0 1157 15 1
1157 1157 
0 1158 15 1
1158 1158 
0 1159 15 1
1159 1159 
0 1160 15 1
1160 1160 
0 1161 15 1
1161 1161 
0 1162 15 1
1162 1162 
0 1163 15 1
1163 1163 
0 1164 15 1
1164 1164 
0 1165 15 1
1165 1165 
0 1166 15 1
1166 1166 
0 1167 15 1
1167 1167 
0 1168 15 1
1168 1168 
0 1169 15 1
1169 1169 
0 1170 15 1
1170 1170 
0 1171 15 1
1171 1171 
0 1172 15 1
1172 1172 
0 1173 15 1
1173 1173 
0 1174 15 1
1174 1174 
0 1175 15 1
1175 1175 
0 1176 15 1
1176 1176 
0 1177 15 1
1177 1177 
0 1178 15 1
1178 1178 
0 1179 15 1
1179 1179 
0 1180 15 1
1180 1180 
0 1181 15 1
1181 1181 
0 1182 15 1
1182 1182 
0 1183 15 1
1183 1183 
0 1184 15 1
1184 1184 
0 1185 15 1
1185 1185 
0 1186 15 1
1186 1186 
0 1187 15 1
1187 1187 
0 1188 15 1
1188 1188 
0 1189 15 1
1189 1189 
0 1190 15 1
1190 1190 
0 1191 15 1
1191 1191 
0 1192 15 1
1192 1192 
0 1193 15 1
1193 1193 
0 1194 15 1
1194 1194 
0 1195 15 1
1195 1195 
0 1196 15 1
1196 1196 
0 1197 15 1
1197 1197 
0 1198 15 1
1198 1198 
0 1199 15 1
1199 1199 
0 1200 15 1
1200 1200 
0 1201 15 1
1201 1201 
0 1202 15 1
1202 1202 
0 1203 15 1
1203 1203 
0 1204 15 1
1204 1204 
0 1205 15 1
1205 1205 
0 1206 15 1
1206 1206 
0 1207 15 1
1207 1207 
0 1208 15 1
1208 1208 
0 1209 15 1
1209 1209 
0 1210 15 1
1210 1210 
0 1211 15 1
1211 1211 
0 1212 15 1
1212 1212 
0 1213 15 1
1213 1213 
0 1214 15 1
1214 1214 
0 1215 15 1
1215 1215 
0 1216 15 1
1216 1216 
0 1217 15 1
1217 1217 
0 1218 15 1
1218 1218 
0 1219 15 1
1219 1219 
0 1220 15 1
1220 1220 
0 1221 15 1
1221 1221 
0 1222 15 1
1222 1222 
0 1223 15 1
1223 1223 
0 1224 15 1
1224 1224 
0 1225 15 1
1225 1225 
0 1226 15 1
1226 1226 
0 1227 15 1
1227 1227 
0 1228 15 1
1228 1228 
0 1229 15 1
1229 1229 
0 1230 15 1
1230 1230 
0 1231 15 1
1231 1231 
0 1232 15 1
1232 1232 
0 1233 15 1
1233 1233 
0 1234 15 1
1234 1234 
0 1235 15 1
1235 1235 
0 1236 15 1
1236 1236 
0 1237 15 1
1237 1237 
0 1238 15 1
1238 1238 
0 1239 15 1
1239 1239 
0 1240 15 1
1240 1240 
0 1241 15 1
1241 1241 
0 1242 15 1
1242 1242 
0 1243 15 1
1243 1243 
0 1244 15 1
1244 1244 
0 1245 15 1
1245 1245 
0 1246 15 1
1246 1246 
0 1247 15 1
1247 1247 
0 1248 15 1
1248 1248 
0 1249 15 1
1249 1249 
0 1250 15 1
1250 1250 
0 1251 15 1
1251 1251 
0 1252 15 1
1252 1252 
0 1253 15 1
1253 1253 
0 1254 15 1
1254 1254 
0 1255 15 1
1255 1255 
0 1256 15 1
1256 1256 
0 1257 15 1
1257 1257 
0 1258 15 1
1258 1258 
0 1259 15 1
1259 1259 
0 1260 15 1
1260 1260 
0 1261 15 1
1261 1261 
0 1262 15 1
1262 1262 
0 1263 15 1
1263 1263 
0 1264 15 1
1264 1264 
0 1265 15 1
1265 1265 
0 1266 15 1
1266 1266 
0 1267 15 1
1267 1267 
0 1268 15 1
1268 1268 
0 1269 15 1
1269 1269 
0 1270 15 1
1270 1270 
0 1271 15 1
1271 1271 
0 1272 15 1
1272 1272 
0 1273 15 1
1273 1273 
0 1274 15 1
1274 1274 
0 1275 15 1
1275 1275 
0 1276 15 1
1276 1276 
0 1277 15 1
1277 1277 
0 1278 15 1
1278 1278 
0 1279 15 1
1279 1279 
0 1280 15 1
1280 1280 
0 1281 15 1
1281 1281 
0 1282 15 1
1282 1282 
0 1283 15 1
1283 1283 
0 1284 15 1
1284 1284 
0 1285 15 1
1285 1285 
0 1286 15 1
1286 1286 
0 1287 15 1
1287 1287 
0 1288 15 1
1288 1288 
0 1289 15 1
1289 1289 
0 1290 15 1
1290 1290 
0 1291 15 1
1291 1291 
0 1292 15 1
1292 1292 
0 1293 15 1
1293 1293 
0 1294 15 1
1294 1294 
0 1295 15 1
1295 1295 
0 1296 15 1
1296 1296 
0 1297 15 1
1297 1297 
0 1298 15 1
1298 1298 
0 1299 15 1
1299 1299 
0 1300 15 1
1300 1300 
0 1301 15 1
1301 1301 
0 1302 15 1
1302 1302 
0 1303 15 1
1303 1303 
0 1304 15 1
1304 1304 
0 1305 15 1
1305 1305 
0 1306 15 1
1306 1306 
0 1307 15 1
1307 1307 
0 1308 15 1
1308 1308 
0 1309 15 1
1309 1309 
0 1310 15 1
1310 1310 
0 1311 15 1
1311 1311 
0 1312 15 1
1312 1312 
0 1313 15 1
1313 1313 
0 1314 15 1
1314 1314 
0 1315 15 1
1315 1315 
0 1316 15 1
1316 1316 
0 1317 15 1
1317 1317 
0 1318 15 1
1318 1318 
0 1319 15 1
1319 1319 
0 1320 15 1
1320 1320 
0 1321 15 1
1321 1321 
0 1322 15 1
1322 1322 
0 1323 15 1
1323 1323 
0 1324 15 1
1324 1324 
0 1325 15 1
1325 1325 
0 1326 15 1
1326 1326 
0 1327 15 1
1327 1327 
0 1328 15 1
1328 1328 
0 1329 15 1
1329 1329 
0 1330 15 1
1330 1330 
0 1331 15 1
1331 1331 
0 1332 15 1
1332 1332 
0 1333 15 1
1333 1333 
0 1334 15 1
1334 1334 
0 1335 15 1
1335 1335 
0 1336 15 1
1336 1336 
0 1337 15 1
1337 1337 
0 1338 15 1
1338 1338 
0 1339 15 1
1339 1339 
0 1340 15 1
1340 1340 
0 1341 15 1
1341 1341 
0 1342 15 1
1342 1342 
0 1343 15 1
1343 1343 
0 1344 15 1
1344 1344 
0 1345 15 1
1345 1345 
0 1346 15 1
1346 1346 
0 1347 15 1
1347 1347 
0 1348 15 1
1348 1348 
0 1349 15 1
1349 1349 
0 1350 15 1
1350 1350 
0 1351 15 1
1351 1351 
0 1352 15 1
1352 1352 
0 1353 15 1
1353 1353 
0 1354 15 1
1354 1354 
0 1355 15 1
1355 1355 
0 1356 15 1
1356 1356 
0 1357 15 1
1357 1357 
0 1358 15 1
1358 1358 
0 1359 15 1
1359 1359 
0 1360 15 1
1360 1360 
0 1361 15 1
1361 1361 
0 1362 15 1
1362 1362 
0 1363 15 1
1363 1363 
0 1364 15 1
1364 1364 
0 1365 15 1
1365 1365 
0 1366 15 1
1366 1366 
0 1367 15 1
1367 1367 
0 1368 15 1
1368 1368 
0 1369 15 1
1369 1369 
0 1370 15 1
1370 1370 
0 1371 15 1
1371 1371 
0 1372 15 1
1372 1372 
0 1373 15 1
1373 1373 
0 1374 15 1
1374 1374 
0 1375 15 1
1375 1375 
0 1376 15 1
1376 1376 
0 1377 15 1
1377 1377 
0 1378 15 1
1378 1378 
0 1379 15 1
1379 1379 
0 1380 15 1
1380 1380 
0 1381 15 1
1381 1381 
0 1382 15 1
1382 1382 
0 1383 15 1
1383 1383 
0 1384 15 1
1384 1384 
0 1385 15 1
1385 1385 
0 1386 15 1
1386 1386 
0 1387 15 1
1387 1387 
0 1388 15 1
1388 1388 
0 1389 15 1
1389 1389 
0 1390 15 1
1390 1390 
0 1391 15 1
1391 1391 
0 1392 15 1
1392 1392 
0 1393 15 1
1393 1393 
0 1394 15 1
1394 1394 
0 1395 15 1
1395 1395 
0 1396 15 1
1396 1396 
0 1397 15 1
1397 1397 
0 1398 15 1
1398 1398 
0 1399 15 1
1399 1399 
0 1400 15 1
1400 1400 
0 1401 15 1
1401 1401 
0 1402 15 1
1402 1402 
0 1403 15 1
1403 1403 
0 1404 15 1
1404 1404 
0 1405 15 1
1405 1405 
0 1406 15 1
1406 1406 
0 1407 15 1
1407 1407 
0 1408 15 1
1408 1408 
0 1409 15 1
1409 1409 
0 1410 15 1
1410 1410 
0 1411 15 1
1411 1411 
0 1412 15 1
1412 1412 
0 1413 15 1
1413 1413 
0 1414 15 1
1414 1414 
0 1415 15 1
1415 1415 
0 1416 15 1
1416 1416 
0 1417 15 1
1417 1417 
0 1418 15 1
1418 1418 
0 1419 15 1
1419 1419 
0 1420 15 1
1420 1420 
0 1421 15 1
1421 1421 
0 1422 15 1
1422 1422 
1 1 1 3
1423 1 1423 
1424 1423 1424 
1425 1424 1 
1 2 1 44
1426 712 1425 
1427 1425 1426 
1428 1426 1427 
1429 1427 1428 
1430 1428 1429 
1431 1429 1430 
1432 1430 1431 
1433 1431 1432 
1434 1432 1433 
1435 1433 1434 
1436 1434 1435 
1437 1435 1436 
1438 1436 1437 
1439 1437 1438 
1440 1438 1439 
1441 1439 1440 
1442 1440 1441 
1443 1441 1442 
1444 1442 1443 
1445 1443 1444 
1446 1444 1445 
1447 1445 1446 
1448 1446 1447 
1449 1447 1448 
1450 1448 1449 
1451 1449 1450 
1452 1450 1451 
1453 1451 1452 
1454 1452 1453 
1455 1453 1454 
1456 1454 1455 
1457 1455 1456 
1458 1456 1457 
1459 1457 1458 
1460 1458 1459 
1461 1459 1460 
1462 1460 1461 
1463 1461 1462 
1464 1462 1463 
1465 1463 1464 
1466 1464 1465 
1467 1465 1466 
1468 1466 1467 
1469 1467 712 
2 1 2 110
1470 1478 1492 1472 
1471 1478 1481 1476 
1472 1472 1499 1478 
1473 1475 1478 1476 
1474 1446 1447 1453 
1475 1465 1427 1428 
1476 1431 1488 1485 
1477 1429 1498 1464 
1478 1475 1476 1471 
1479 1459 1475 1471 
1480 1464 1498 1463 
1481 1465 1428 1464 
1482 1485 1488 1480 
1483 1445 1446 1454 
1484 1468 1484 1483 
1485 1468 1493 1484 
1486 1454 1446 1453 
1487 1464 1428 1429 
1488 1481 1483 1476 
1489 1431 1485 1430 
1490 1444 1482 1443 
1491 1481 1489 1483 
1492 1471 1479 1458 
1493 1479 1501 1458 
1494 1482 1486 1443 
1495 1460 1475 1459 
1496 1461 1480 1474 
1497 1456 1482 1455 
1498 1469 1495 1481 
1499 1463 1485 1462 
1500 1476 1477 1471 
1501 1481 1495 1489 
1502 1474 1492 1478 
1503 1491 1499 1472 
1504 1470 1490 1484 
1505 1482 1497 1455 
1506 1458 1501 1457 
1507 1487 1490 1470 
1508 1477 1479 1471 
1509 1470 1494 1487 
1510 1473 1486 1482 
1511 1454 1497 1445 
1512 1441 1470 1440 
1513 1433 1472 1432 
1514 1474 1478 1475 
1515 1459 1471 1458 
1516 1474 1475 1460 
1517 1462 1480 1461 
1518 1461 1474 1460 
1519 1457 1473 1456 
1520 1438 1468 1437 
1521 1435 1469 1434 
1522 1473 1482 1456 
1523 1444 1497 1482 
1524 1476 1483 1477 
1525 1483 1484 1477 
1526 1480 1492 1474 
1527 1463 1498 1485 
1528 1462 1485 1480 
1529 1473 1487 1486 
1530 1455 1497 1454 
1531 1484 1496 1470 
1532 1443 1486 1442 
1533 1484 1490 1477 
1534 1481 1499 1469 
1535 1478 1499 1481 
1536 1488 1492 1480 
1537 1472 1488 1432 
1538 1432 1488 1431 
1539 1479 1490 1487 
1540 1487 1501 1479 
1541 1434 1491 1433 
1542 1469 1491 1434 
1543 1441 1494 1470 
1544 1483 1489 1468 
1545 1477 1490 1479 
1546 1487 1494 1486 
1547 1439 1493 1438 
1548 1438 1493 1468 
1549 1473 1501 1487 
1550 1433 1491 1472 
1551 1442 1494 1441 
1552 1486 1494 1442 
1553 1436 1495 1435 
1554 1435 1495 1469 
1555 1470 1496 1440 
1556 1440 1496 1439 
1557 1468 1500 1437 
1558 1430 1498 1429 
1559 1445 1497 1444 
1560 1472 1492 1488 
1561 1485 1498 1430 
1562 1437 1500 1436 
1563 1457 1501 1473 
1564 1495 1500 1489 
1565 1489 1500 1468 
1566 1439 1496 1493 
1567 1493 1496 1484 
1568 1436 1500 1495 
1569 1469 1499 1491 
1570 1467 712 1425 
1571 1467 1425 1426 
1572 1426 1427 1466 
1573 1467 1426 1466 
1574 1466 1427 1465 
1575 1448 1452 1447 
1576 1447 1452 1453 
1577 1449 1451 1448 
1578 1451 1452 1448 
1579 1450 1451 1449 
$EndElements
